12218;345;13;8.1000004;0.69999999;76.5;77.699997;1.2;0.80000001;0.5;8;147;0.89999998;;;;;;;;0.079999998;0.039999999;1.5;;;;50;1
12218;106;73.099998;2.2;0.1;24;24.4;0.40000001;;0.2;2;27;0.30000001;;;;;;;;0.0099999998;0.02;0.2;;;;50;1
12218;353;11.3;8.6000004;0.60000002;78.400002;79.199997;0.80000001;0;0.30000001;9;78;0;20;1.6;0;7;58;0;;0.07;0.02;0.80000001;0;;0;50;1
12218;355;10.9;6.0999999;0.89999998;80.5;81.699997;1.2;;0.40000001;11;87;0.40000001;33;1.6;0;7;67;;;0.11;0.029999999;1.4;;;0;50;1
12218;353;10.9;9.1999998;0.60000002;77.599998;78.900002;1.3;;0.40000001;7;69;0.30000001;23;1.4;0.2;7;68;;;0.1;0.0099999998;1.2;;;0;50;1
12218;366;8.1000004;7.5999999;0.69999999;;82.900002;;;0.69999999;7;157;1.4;;;;;;;;0.1;0.5;2.5;;;0;8;1
12218;370;7.0999999;8.5;0.69999999;;83;;;0.69999999;500;250;15;;;;;;900;;1;1.2;10;;;0;8;1
12218;354;8.3000002;8.5;1.5;76.699997;80.300003;3.5999999;3;1.4;14;318;;;;;;;;0;0.41999999;0.079999998;5.5999999;;;0;50;1
12218;96;74.300003;2.4000001;0.30000001;20.799999;22.6;1.8;1.7;0.40000001;4;88;0.80000001;;;;;;;;0;0.029999999;1.8;;;0;50;1
12218;351;11.8;8.8999996;2.9000001;72.199997;75.300003;3.0999999;;1.1;14;232;;107;2.3;0.2;7;217;;0;0.30000001;0.079999998;5.8000002;;;0;50;1
12218;352;11.3;6.8000002;2.7;75;78.099998;3.0999999;;1.1;13;184;0.89999998;101;2;;7;277;;;0.28;0.079999998;5.9000001;;;0;50;1
12218;350;11.4;9.6000004;3.3;70.5;74;3.5;;1.7;11;288;0.89999998;120;2.0999999;0.5;7;237;;;0.34999999;0.079999998;5.8000002;;;0;50;1
12218;384;8.6999998;14.7;8.6000004;61.900002;66.099998;4.1999998;3.5999999;1.9;81;438;4.1999998;131;;;6;268;;;0.41;0.090000004;0.80000001;0.2;;0;8;1
12218;348;10.2;9.6000004;7.3000002;61;71.199997;10.2;8;1.7;50;370;4.8000002;139;4;0.52999997;7;348;;;0.55000001;0.14;1.1;0.16;;0;21.5;1
12218;395;7.1999998;5.4000001;5.8000002;;80.300003;;;1.3;;;;;;;;;;;;;;;;0;21.5;1
12218;317;10.3;11.3;1.8;64;74;10;;2.5999999;44;390;4;114;2.5;0.40000001;18;444;;;0.47;0.11;5.9000001;0.56;;0;20;1
12218;356;8.1999998;8.3000002;2.2;75.800003;80.400002;4.5999999;3.5999999;0.89999998;500;250;15;;;;;;900;0;1;1.2;10;;;0;8;1
12218;323;10.9;9;1;69.5;78;8.5;5.8000002;1.1;21;244;2;;;;;;;;0.15000001;0.079999998;3.5;;;0;15;1
12218;184;49.599998;4.1999998;0.69999999;40.200001;44.099998;3.9000001;3.5999999;1.4;7;42;2.5;;;;;;105;;0.15000001;0.12;2.4000001;;;0;50;1
12218;284;14.3;8.5;4;53.599998;72.400002;18.799999;17.1;0.80000001;9;276;3;;;;;;30;180;0.37;0.11;2;;;0;100;1
12218;286;9.8999996;7.3000002;3.5;76;78.199997;2.2;;1.1;6;178;1.8;;;;;;44;264;0.30000001;0.079999998;1.9;;;0;20;1
12218;355;9.1999998;7.1999998;1.2;78.800003;82;3.2;3;0.40000001;12;76;1;;;;;;30;180;0.11;;0.89999998;;;0;50;1
12218;355;9.1999998;7.1999998;1.2;78.800003;82;3.2;3;0.40000001;12;76;5;;;;;;300;180;0.31;0.25;5.0999999;;;0;50;1
12218;363;4.5999999;3.7;0.1;86.699997;90;3.3;;1.6;14;60;11.7;;;;600;50;833;;0.93000001;1.4;16;1.67;50;0;30;1
12218;350;6.6999998;6.6999998;0.40000001;80;83.300003;3.3;;2.9000001;13;58;;14;5;0.2;940;120;860;0;0.93000001;1.4299999;16;1.67;50;0;30;1
12218;369;4.1999998;5.5;0;86.699997;90;3.3;;0.30000001;;;11.7;;5;;267;133;833;;0.92000002;1.42;15.8;1.67;50;0;30;1
12218;77;78.099998;1.5;0.2;17.200001;18.9;1.7;1.2;1.3;10;40;0.6;;;;;;11;66;0.0099999998;0.029999999;0.60000002;;4;0;20;1
12218;85;76.400002;2.5;0.30000001;18;19.9;1.9;1.8;0.89999998;10;58;0.89999998;;;;;;7;42;0.039999999;0.07;0.89999998;;5;0;100;1
12218;168;54.099998;3.8;0.60000002;36.900002;40.5;3.5999999;3.3;1;7;32;2.5;;;;;;95;;0.15000001;0.12;2.4000001;;;0;50;1
12218;196;52.099998;5.6999998;2.5;;38.5;;;1.2;75;153;2;;;;;;;;0.11;0.02;0.40000001;;;0;50;1
12218;286;14.3;9;4.3000002;52.799999;71.599998;18.799999;17.1;0.80000001;8;295;3;;;;;;;;0.37;0.11;1.9;;;0;100;1
12218;354;9.8000002;7.0999999;3.8;72.900002;78.400002;5.5;5.1999998;0.89999998;7;120;2;43;1.4;0.2;;196;;;0.07;0.059999999;1.3;;;0;50;1
12218;354;11.2;7.1999998;1.1;77.699997;80.199997;2.5;1.8;0.30000001;12;64;0.89999998;;;;;;;;0.059999999;0.050000001;0.60000002;;;0;50;1
12218;354;11.2;7.1999998;1.1;77.699997;80.199997;2.5;1.8;0.30000001;12;64;5;;;;;;270;;0.31;0.25;5.0999999;;;0;50;1
12218;130;67.5;2.5999999;0.30000001;28.6;29.299999;0.69999999;;0.30000001;4;20;1.8;;;;;;;;0.0099999998;0.12;2.2;;;0;100;1
12218;339;12.2;7.8000002;1.5;73.599998;78.099998;4.5;4;0.40000001;9;107;1.3;;;;;;;;0.12;0.029999999;1.1;;;0;20;1
12218;360;11.2;9.5;4.0999999;;73.699997;;;1.5;12;307;3.0999999;;;;;;;;0.090000004;0.13;1.8;;;0;50;1
12218;364;10.8;9.8999996;4.5999999;;73.300003;;;1.4;20;307;4.1999998;;;;;;;;0.18000001;0.11;1.6;;;0;50;1
12218;345;13.5;0.60000002;0.2;;85.599998;;;0.1;8;16;3.5999999;;;;;;;;0.5;0.2;3;;;0;8;0
12218;98;74.099998;3.4000001;1;18.799999;20.700001;1.9;;0.80000001;15;111;0.5;;;;;;30;180;0.2;0.079999998;2;;9;0;100;1
12218;415;6.8000002;8.6000004;10.2;;72.400002;;;2;71;110;1.6;;;;;;;;0.039999999;0.18000001;0.80000001;;;9;29;0
12218;420;4.5;7.6999998;9.1999998;;77.099998;;;1.5;47;132;1.5;;;;;;;;0.090000004;0.059999999;1;;;35.700001;30;0
12218;392;3.8;8;13.5;66.800003;73.199997;6.4000001;3.3;1.5;;;;;;;;;;;;;;;;;25;0
12218;412;3.5999999;9.6999998;12.6;65;71.400002;6.4000001;3.8;2.7;;;;;;;;;;;;;;;;;25;0
12218;415;3.8;10.3;9.3999996;;72.800003;;;3.7;39;134;4.5999999;;;;;;;;0.22;0.25;4.0999999;;;;25;0
12218;438;4.6999998;6;12.7;;75;;;1.6;22;65;0.60000002;;;;;;;;0.039999999;0.039999999;0.5;;;;25;0
12218;263;33.900002;9.3999996;3;49.599998;52.200001;2.5999999;1.7;1.5;32;99;7;;;;;;;;0.34999999;0.49000001;5.8000002;;;;50;1
12218;295;24.6;11.4;2.3;57.099998;60.200001;3.0999999;;1.5;27;120;2.9000001;40;3.9000001;;283;131;;;0.18000001;0.25999999;3.7;;;;50;1
12218;257;33.799999;9.1999998;0.69999999;48.099998;54.599998;6.5;6.5;1.7;38;178;2.8;;;;;;;;0.19;0.079999998;1.1;;;;50;1
12218;299;26.299999;17.299999;1.8;;54;;;0.60000002;42;131;2.5999999;;;;;;;;0.16;0.15000001;1.3;;;;50;1
12218;241;34.700001;9;2.5999999;45.400002;51.599998;6.1999998;;2.0999999;75;215;3.5999999;;;;;;;;0.25999999;0.2;2.3;;;;50;1
12218;416;9.3000002;5.0999999;16.700001;;67.400002;;;1.5;39;;6;;;;;;;;0.17;0.1;1.4;;;;100;1
12218;370;12.6;6.3000002;5.3000002;;74.800003;;;1;55;149;5.1999998;;;;;;;;0.059999999;0.1;0.2;;;;20;0
12218;363;10.4;15.6;1.6;;71.900002;;;0.5;35;117;2.5;;;;;;;;0.17;0.07;1.5;;;;50;1
12218;113;72.099998;4.3000002;0.60000002;;22.6;;;0.40000001;21;33;0.69999999;;;;;;;;0.02;0.02;0.5;;;;50;1
12218;353;13.1;15;1.9;;69.300003;;;0.69999999;25;174;5.1999998;;;;;;;;1.0700001;0.67000002;8.6999998;;;;50;1
12218;124;69.400002;4.5999999;0.69999999;;24.9;;;0.40000001;9;58;2.8;;;;;;;;0.25999999;0.18000001;2.3;;;;50;1
12218;372;9;15.6;2.3;;72.400002;;;0.69999999;48;118;2.3;;;;;;;;0.13;0.07;2.2;;;;50;1
12218;126;69.099998;6.1999998;1;;23.200001;;;0.5;34;28;1;;;;;;;;0.039999999;0.0099999998;0.80000001;;;;50;1
12218;365;9.6000004;14.8;1.8;;72.800003;;;1;44;116;3.5;;;;;;;;0.5;0.2;3.8;;;;50;1
12218;108;66.300003;5.3000002;0.80000001;;27.1;;;0.5;31;50;1.3;;;;;;;;0.11;0.050000001;0.89999998;;;;50;1
12218;337;13.8;12.2;1.7;68.300003;71.400002;3.0999999;;0.89999998;22;191;1.6;12;1.8;;4;191;;;0.19;0.15000001;1.7;;;;50;1
12218;337;13.7;11.5;0.89999998;70.800003;73.5;2.7;;0.40000001;18;87;0.60000002;8;1.7;;5;89;;;0.050000001;0.079999998;1.1;;;;50;1
12218;170;13.2;16.299999;4.5;16.1;59.900002;43.799999;42;6.0999999;85;1510;12.9;677;9.6999998;0.80000001;7;856;;;0.80000001;0.38;28.799999;;;;20;1
12218;172;10.4;13.3;5.1999998;17.9;65.599998;47.700001;44.900002;5.5;86;1261;11.9;522;7.5;0.5;9;867;;;0.44999999;0.41;15.7;;;;20;1
12218;193;9.8999996;14.2;4.4000001;24.1;66.599998;42.5;42.099998;4.9000001;82;1186;13.2;536;7.3000002;0.60000002;9;833;;;0.68000001;0.38999999;10.5;;;;20;1
12218;303;25;10.9;2.5999999;;59.700001;;;1.8;30;117;2.2;;;;;;;;0.16;0.029999999;1.9;;;;100;1
12218;313;10;13.3;2.2;59.900002;72.900002;13;11.4;1.6;33;325;4.3000002;111;2.8;;5;323;;;0.46000001;0.18000001;6.0999999;;;;20;1
12218;316;10.9;12.9;2.8;59.700001;71.599998;11.9;10.2;1.8;31;362;3.5999999;113;3.0999999;;5;349;;;0.43000001;0.16;9.5;;;;20;1
12218;313;11.7;10.4;2.0999999;63.200001;74.300003;11.1;9.5;1.5;35;291;3.7;104;2.2;;3;296;;;0.34999999;0.2;2.3;;;;20;1
12218;381;3.3;30.5;11.7;38.5;50.099998;11.6;;4.4000001;122;1098;12.3;;;;;;;;2.6300001;0.80000001;6.5999999;;;;20;1
12218;347;11.4;13.5;1.2;70.5;73.300003;2.8;0.89999998;0.60000002;19;131;1.8;20;1;;5;125;;;0.17;0.14;1.4;;;;15;1
12218;347;11.4;13.5;1.2;70.5;73.300003;2.8;0.89999998;0.60000002;19;131;3.8;20;1;;5;125;;;0.31999999;0.34;3.4000001;;;;15;1
12218;339;12.6;14;2.8;64.5;68.800003;4.3000002;2.7;1.8;26;395;2.0999999;70;0.30000001;;4;318;;;0.44999999;0.079999998;3.8;;;;15;1
12218;349;10.5;9.3000002;1.2;75.300003;78.400002;3.0999999;1.4;0.60000002;22;121;1.6;21;0.69999999;;6;150;;;0.19;0.14;0.80000001;;;;15;1
12218;347;3.5;14.5;2.8;;72.599998;;;6.5999999;;;;;;;;;;;;;;;;;15;1
12219;240;62.099998;18.5;18.4;0;0;0;0;1;18;200;1.7;;;;;;;;0.059999999;0.14;8;;;;120;1
12219;273;57.799999;18.6;22.1;0;0;0;0;1.5;17;411;1.8;34;1.7;0.33000001;110;410;;;0.1;0.23999999;5.5999999;;;;120;1
12219;321;54.400002;16;28.6;0;0;0;0;1;15;188;1.8;20;2.5999999;0.31;96;270;;;0.1;0.23999999;5.5999999;;;;120;1
12219;261;58.400002;20;20.1;0;0;0;0;1;24;320;3.8;23;1.7;0.13;54;300;;;0.090000004;0.14;8;;;70;120;1
12219;76;78.099998;15.2;0.69999999;2.2;2.2;0;0;3.8;;;;;;;;;;;;;;;;;50;0
12219;103;72.800003;22.6;1.3;0.1;0.1;0;0;3.2;;;;;;;;;;;;;;;;;50;0
12219;217;66.199997;18.299999;16;0;0;0;0;0.69999999;12;132;1;18;1.3;0.039999999;73;156;44;;0.050000001;0.079999998;5.9000001;0.34999999;;144;75;1
12219;120;75;22;3.5;0;0;0;0;0.80000001;13;155;0.80000001;22;1.6;0.039999999;81;194;18;;0.059999999;0.1;7.4000001;0.5;1;78.400002;75;1
12219;254;55.799999;13.2;18.299999;9.1000004;9.1000004;0;0;3.5999999;;;;;;;;;;;;;;;;;40;1
12219;183;67.099998;20.200001;11.4;0;0;0;0;1.3;14;200;1.5;25;1.1;0.19;81;320;;;0.079999998;0.16;8.5;;;;120;1
12219;168;65.199997;9.6000004;8.1999998;14;14;0;0;3;178;;2.7;;;;;;;;0.02;;1.8;0.0099999998;;;120;0
12219;141;70.900002;10.3;6.3000002;;10.7;;;1.8;33;118;1.4;;;;;;;;0.69999999;;1.8;;;;120;0
12219;157;68.300003;17.9;7.3000002;5;5;0;0;1.5;26;305;5.6999998;20;7.8000002;0.40000001;74;330;4800;;0.49000001;2.3;10.1;0.75999999;;711.79999;120;1
12219;95;77.699997;12.4;3.8;2.7;2.7;0;0;3.4000001;;;;;;;;;;;;;;;;;50;0
12219;118;74.800003;16.200001;5.1999998;1.5;1.5;0;0;2.3;;;;;;;;;;;;;;;;;50;0
12219;94;77.099998;18.1;1.2;2.7;2.7;0;0;0.89999998;18;150;4.5;;;;;;;;0.039999999;0.31999999;6.8000002;;;259.89999;120;1
12219;182;69.900002;18.200001;12.1;0;0;0;0;0.89999998;10;149;1;21;1.7;0.059999999;79;189;36;;0.07;0.16;5.4000001;0.30000001;3;144;170;1
12219;115;76.099998;20.1;3.8;0;0;0;0;0.89999998;11;167;1;23;2.0999999;0.059999999;86;229;18;;0.079999998;0.19;6.0999999;0.33000001;3;78.400002;170;1
12219;208;63;13.4;14;7.0999999;7.0999999;0;0;2.5;25;134;1.7;;;;;;;;0.02;0.16;3.0999999;0.050000001;;;40;1
12219;143;66.400002;28.6;3.2;0;0;0;0;0.80000001;30;184;1.4;;;;;;;;0.050000001;0.18000001;9.6000004;;;;180;1
12219;71;79.699997;14;0.80000001;2;2;0;0;3.5;;;;;;;;;;;;;;;;;50;0
12219;92;75.199997;19.9;0.80000001;1.4;1.4;0;0;2.7;;;;;;;;;;;;;;;;;50;0
12219;167;69.5;20.9;9.3000002;0;0;0;0;1;11;174;0.69999999;25;0.80000001;0.039999999;63;220;24;;0.059999999;0.090000004;9.8999996;0.52999997;1;144;180;1
12219;103;74.699997;23.1;1.2;0;0;0;0;1;11;196;0.69999999;28;0.80000001;0.039999999;65;255;6;;0.07;0.090000004;11.2;0.55000001;1;78.400002;180;1
12219;156;72.5;19.299999;8.6999998;0;0;0;0;0.89999998;11;154;1;21;2;0.059999999;83;206;28;;0.07;0.18000001;5.4000001;0.30000001;3;144;100;1
12219;113;76.400002;20.6;3.4000001;0;0;0;0;0.89999998;11;166;1;23;2.2;0.059999999;88;226;17;;0.079999998;0.2;5.6999998;0.34;3;78.400002;100;1
12219;185;68.300003;9.8999996;13.3;6.3000002;6.3000002;0;0;2.2;305;269;4;;;;;;;;0.02;;0.80000001;0.0099999998;;;50;0
12219;129;72;11.1;5.6999998;8.3000002;8.3000002;0;0;2.9000001;;;;;;;;;;;0.14;;2;0.039999999;;;40;0
12219;295;57.700001;16.5;25.4;0;0;0;0;0.80000001;9;132;1;26;2.9000001;0.13;60;380;;;0.63;0.14;3.9000001;;;;120;1
12219;250;62;18.299999;19.6;0;0;0;0;0.89999998;14;144;1.4;;;;;;;;0.81;0.14;5.0999999;;;77.400002;175;1
12219;111;74.199997;22.9;2.2;0;0;0;0;1.1;;;;;;;;;;;;;;;;77.400002;175;1
12219;201;62.799999;25.200001;11.1;0;0;0;0;3.0999999;;;;;;;;;;;;;;;;77.400002;175;1
12219;192;60;19.5;12.7;0;0;0;0;1;13;170;0.89999998;;;;;;;;0.81;0.14;5.5;;;73.199997;100;1
12219;121;72.099998;24.4;2.5999999;0;0;0;0;1.1;;;;;;;;;;;;;;;;;100;1
12219;219;64.800003;18;16.299999;0;0;0;0;0.89999998;8;150;1;;;;;;;;0.72000003;0.15000001;3.9000001;;;;100;1
12219;102;76.699997;21.1;2;0;0;0;0;1.1;;;;;;;;;;;;;;;;;100;1
12219;158;70.900002;19.200001;9;0;0;0;0;1;14;170;1;;;;;;;;0.91000003;0.13;4.8000002;;;73.199997;120;1
12219;120;74.5;21.4;3.8;0;0;0;0;1.1;;;;;;;;;;;;;;;;;120;1
12219;646;4.6999998;20.9;62.5;0;0;0;0;3.4000001;53;165;5.3000002;;;;;;;;0.12;0.22;5.6999998;;;68.5;40;0
12219;134;71;20;4.6999998;3;3;0;0;1.3;11;286;11.6;22;;2.5;130;250;3900;;0.31999999;2.78;14.9;0.63999999;13;;120;1
12219;360;44.400002;17.700001;31.799999;0.69999999;0.69999999;0;0;5.4000001;10;184;2.5999999;;;;;;;;0.75999999;0.2;4.0999999;;;50;50;0
12219;94;77.199997;13.2;3.9000001;1.6;1.6;0;0;4.0999999;;;;;;;;;;;;;;;;66;50;0
12219;106;75.699997;16.6;4.4000001;0;0;0;0;3.5999999;;;;;;;;;;;;;;;;66;50;0
12219;301;55.099998;12.9;26.700001;2.3;2.3;0;0;3;12;145;1.8;23;2;0.41;1547;528;;;0.19;0.15000001;3.0999999;0.029999999;;;40;0
12219;116;75.099998;13.1;6.0999999;2.0999999;2.0999999;0;0;3.5999999;;;;;;;;;;;;;;;;70;50;0
12219;175;53.200001;35.400002;3.4000001;0.60000002;0.60000002;0;0;7.4000001;;;;;;;;;;;;;;;;;50;0
12219;288;55.900002;13.5;24.299999;3.7;3.7;0;0;2.5999999;;;1.8;22;1.3200001;0.11;1407;496;;;0.19;0.15000001;3.0999999;0.039999999;;;40;0
12219;119;77.199997;6.5;7;7.4000001;7.4000001;0;0;1.9;70;93;2.3;;;;;;;;0.02;0.11;0.80000001;;;;50;0
12219;202;67.800003;7.5999999;16;7;7;0;0;1.6;18;90;1.3;;;;;;;;;;0.5;;;;50;0
12219;628;20;9.1000004;65;1.6;1.6;0;0;4.3000002;13;108;0.80000001;;;;;;;;0.38;0.12;1.9;;;;90;0
12219;599;13;25;55;1;1;0;0;6;25;255;3.3;;;;;;;;0.47999999;0.31;4.8000002;;;;90;0
12219;151;70.800003;20.299999;7.6999998;0;0;0;0;1.2;18;257;2;;;;;;;;0.059999999;0.12;11;;;;120;1
12219;247;61.400002;18.200001;19.4;0;0;0;0;1;7;190;2.5;;;;;;;;0.07;0.15000001;2;;;;120;1
12219;80;77.900002;18.4;0.69999999;0;0;0;0;1.8;19;210;2.9000001;;;;;;;;0.11;0.36000001;8.6999998;;;;120;1
12219;153;43.5;33.900002;0.60000002;2.9000001;2.9000001;0;0;19.1;114;208;6.9000001;;;;;;;;0.02;0.12;9.6000004;;;;120;1
12219;159;71;18.700001;9.3999996;0;0;0;0;0.89999998;11;;2.2;;;;;;;;0.17;0.31999999;5.5999999;;;;120;1
12219;106;72.900002;24.4;0.89999998;0;0;0;0;1.8;25;252;3.4000001;;;;;;210;;0.050000001;0.23999999;8.1999998;;;;120;1
12219;122;74.400002;19.299999;5;0;0;0;0;1;11;200;3;;;;;;;;0.15000001;0.27000001;6;;;;120;1
12219;134;61.099998;31.4;0.89999998;0;0;0;0;6.5999999;60;298;1.9;;;;;;;;0.090000004;0.34;10;;;;120;1
12219;207;63.900002;15.6;15.1;2.2;2.2;0;0;3.2;9;356;2.2;;;;;;;;0.18000001;0.19;2.7;;;74;40;0
12219;273;56;15.8;22.799999;1.1;1.1;0;0;4.3000002;41;130;4.0999999;;;;;;;;0.20999999;0.16;3;;;;50;0
12219;370;45.900002;16.6;33.5;0.40000001;0.40000001;0;0;3.5999999;;;;;;;;;;;;;;;;;50;0
12219;367;41.900002;19.5;30.6;3.4000001;3.4000001;0;0;4.5999999;;;;19;5.0999999;0.22;1350;210;;;;;;;;;50;0
12219;379;46.200001;25.700001;21.9;1.2;1.2;0;0;5;;;;;;;;;;;;;;;;;50;0
12219;305;48.5;19.5;23.700001;3.4000001;3.4000001;0;0;4.9000001;;;;;;;;;;;;;;;;;50;0
12219;244;62;14;20;2;2;0;0;2;6;49;1.2;;;;;;;;0.16;0.18000001;2.5;;;;50;0
12219;292;53.400002;18.6;22.700001;3.2;3.2;0;0;2.0999999;40;506;14.9;;;;;;;;0.12;;1.5;;;;100;0
12219;280;55.299999;9.8000002;22.200001;10.2;10.2;0;0;2.5;19;121;19.4;;;;;;;;0.029999999;;0.60000002;;;;100;0
12219;197;61.900002;15;12.6;6;6;0;0;4.5;27;56;53;;;;;;;;0.02;;0.5;;;;100;0
12219;324;50.299999;13;27.200001;6.6999998;6.6999998;0;0;2.8;;;;;;;;;;;;;;;;91.199997;50;0
12219;237;58.400002;15.6;16.9;5.6999998;5.6999998;0;0;3.4000001;;;;;;;;;;;;;;;;91.199997;50;0
12219;312;52.5;12.8;27.1;4.0999999;4.0999999;0;0;3.5;;;;;;;;;;;;;;;;91.199997;50;0
12219;268;57;16.799999;21.6;1.7;1.7;0;0;2.9000001;9;670;5.4000001;12;2.3;0.63;860;170;2800;;0.17;1.12;4.5999999;0.14;;117;40;0
12219;448;41.900002;10.8;44.799999;0.40000001;0.40000001;0;0;2.0999999;6;100;1.6;;;;;;;;0.43000001;0.17;2.3;;;70;50;0
12219;206;64.099998;13.8;15.5;2.2;2.2;0;0;4.4000001;;;;;;;;;;;;;;;;70;50;0
12219;211;64.199997;15.8;16.4;0;0;0;0;3.5999999;9;170;2.4000001;9;1.7;0.23999999;980;98;;;0.1;1.12;3.0999999;;;70;70;0
12219;460;27;27.299999;38.200001;1.8;1.8;0;0;5.6999998;37;590;13.3;;;;;;;;0.72000003;0.059999999;6.8000002;;;143;40;0
12219;201;65.599998;18.200001;14.2;0;0;0;0;0.89999998;15;148;3.0999999;;;;;;;;;;;;;79.5;110;1
12219;100;72.599998;22.299999;1.2;0;0;0;0;1.1;8;188;2.5999999;;;;;;;;0.1;0.18000001;4.9000001;;;61.799999;120;1
12219;91;77.099998;20.6;0.89999998;0;0;0;0;1.1;7;176;2.5;;;;;;;;0.050000001;0.16;4.5999999;;;66.199997;150;1
12219;91;75.800003;21.299999;0.60000002;0;0;0;0;1.1;23;194;4.1999998;;;;;;;;0.12;0.079999998;5.9000001;;;62.799999;120;1
12219;84;78.199997;20.5;0.2;0;0;0;0;1.1;35;41;2.5;;;;;;;;0.14;0.17;2.5999999;;;73.199997;120;1
12219;91;74.800003;18.700001;1.8;0;0;0;0;1.1;25;185;2.9000001;;;;;;;;0.13;0.13;4.5999999;;;68.900002;120;1
12219;98;75.5;21.799999;1.2;0;0;0;0;1.2;7;198;1.7;;;;;;;;0.050000001;0.16;4.4000001;;;53.200001;120;1
12219;89;77.199997;19.799999;1.1;0;0;0;0;1.1;7;173;2.2;;;;;;;;0.050000001;0.17;3.9000001;;;65;120;0
12219;89;77.800003;21;0.60000002;0;0;0;0;1.1;8;177;1.8;;;;;;;;0.039999999;0.12;4.5999999;;;;120;1
12219;104;75.400002;21.6;1.9;0;0;0;0;1.1;9;377;3.4000001;;;;;;;;0.12;0.19;5.3000002;;;70.199997;120;1
12219;111;73.800003;21.700001;2.7;0;0;0;0;1.3;9;216;3.4000001;;;;;;;;0.13;0.20999999;4.1999998;;;;120;1
12219;98;75.099998;23.200001;0.60000002;0;0;0;0;1.1;29;107;5.4000001;;;;;;;;0.090000004;0.13;7.8000002;;;85.400002;120;1
12219;220;59.799999;11.5;14.8;10.2;10.2;0;0;3.7;;191;2.5999999;13;1.5;0.28;1471;403;;;0.050000001;;;0.059999999;;;150;0
12219;188;62.900002;10.6;10.5;12.7;12.7;0;0;3.3;;192;2.8;15;1.3;0.14;1287;444;;;0.039999999;;1.3;0.059999999;;;150;0
12219;158;67.300003;11;7.5999999;11.5;11.5;0;0;2.5999999;73;211;2.2;;;;;;;;0.0099999998;;1.7;0.029999999;;;150;0
12219;162;68.400002;13.2;9.1000004;6.9000001;6.9000001;0;0;2.4000001;;157;2.5;14;1.5;0.16;1784;768;;;0.02;;1.9;0.02;;;150;0
12219;158;70.199997;13.4;9.5;4.6999998;4.6999998;0;0;2.2;;138;3.4000001;15;1.5;0.15000001;1587;393;;;;;2;0.029999999;;;150;0
12219;137;69;14.6;7.1999998;5.8000002;5.8000002;0;0;3.4000001;19;247;3.0999999;;;;;;;;0.02;;2.0999999;;;;150;0
12219;230;64.800003;9.3000002;19.4;4.5999999;4.5999999;0;0;1.9;18;101;2.3;;;;;;;;;;0.69999999;;;;50;0
12219;113;76.800003;16.799999;4.9000001;0.5;0.5;0;0;1;7;204;4;23;2.4000001;0.40000001;63;266;0;;0.44999999;0.94999999;6.5999999;0.43000001;;;120;1
12219;128;71.800003;19.299999;3.8;4.0999999;4.0999999;0;0;1;8;331;7.1999998;20;5;4;93;330;10500;;0.27000001;2.7;10.3;0.51999998;31;333.5;120;1
12219;193;66.400002;18.4;12.3;2.0999999;2.0999999;0;0;0.80000001;10;182;2.7;14;2.3;0.28999999;58;293;;;0.1;0.31999999;4.0999999;0.36000001;;170.8;120;1
12219;104;78;15;3.8;2.4000001;2.4000001;0;0;0.80000001;23;85;1.3;;;;;;;;0.02;0.090000004;0.2;;;154.89999;120;1
12219;129;75.300003;15;7.3000002;0.89999998;0.89999998;0;0;1.5;10;230;7.1999998;17;1.8;0.47;179;257;280;;0.34;2.55;6.0999999;0.50999999;12;516.59998;100;1
12219;129;78.400002;10.4;9.6000004;0.2;0.2;0;0;1.4;11;253;3;13;1.2;0.2;103;321;0;;0.22;0.22;3.3;0.25999999;14;2154.2;70;1
12219;195;64.900002;15.4;11.7;7;7;0;0;1;70;160;2.3;;;;;;;;0.079999998;0.18000001;1.3;;;;70;1
12220;134;72.900002;21;5.5;0;0;0;0;1.2;16;264;0.89999998;;;;;;;;;;;;;;120;1
12220;192;62.400002;25;10.2;0;0;0;0;1.4;22;291;0.89999998;;;;;;;;;;;;;;120;1
12220;171;66.900002;23.4;8.6000004;0;0;0;0;1.1;17;258;0.89999998;;;;;;;;;;;;;;120;1
12220;293;38.599998;24.299999;21.799999;0;0;0;0;15;209;270;2.9000001;;;;;;;;0.07;0.090000004;3.5;;;;120;1
12220;111;71.900002;26.1;0.69999999;0;0;0;0;1.3;40;295;1.1;;0.51999998;0.059999999;37;;18;;0.12;0.2;5.0999999;0.40000001;;41;120;1
12220;96;73.199997;23.200001;0.40000001;0;0;0;0;1.2;17;148;1.7;27;0.69999999;0.050000001;320;230;;;;;10.7;0.47;;63;90;0
12220;167;64.199997;29;5.6999998;0;0;0;0;1.1;7;230;1.1;33;1.1;0.2;290;260;;;0.13;0.1;11.3;0.50999999;;63;90;0
12220;73;81;17.5;0.30000001;0;0;0;0;1.2;10;194;0.40000001;23;0.40000001;;77;320;12;;0.059999999;0.07;2.2;0.25;2;;150;1
12220;341;11.3;78.900002;2.8;0;0;0;0;7;50;891;3.5999999;107;1.6;0.17;400;31;;;0.079999998;0.44999999;10.9;0.86000001;;;150;1
12220;134;69.900002;24.4;4;0;0;0;0;1.1;22;240;3.8;;;;;;;;;;;;;;120;1
12220;224;56.5;31.799999;10.8;0;0;0;0;1.5;27;308;4.0999999;;;;;;;;;;;;;;120;1
12220;163;65.599998;29;5.1999998;0;0;0;0;1.1;21;216;3.2;;;;;;;;;;;;;;120;1
12220;141;70.400002;24.1;4.9000001;0;0;0;0;0.60000002;82;95;1.3;;;;;;;;0.0099999998;0.090000004;2.2;;;;120;1
12220;159;69.699997;21.299999;8.1999998;0;0;0;0;1.1;31;252;2.0999999;;;;;;;;0.23999999;0.33000001;14.4;;;;120;1
12220;82;78.800003;18.700001;0.80000001;0;0;0;0;0.89999998;52;161;1.4;;;;;;;;;;2.8;0.050000001;;;90;1
12220;90;76.699997;21.200001;0.60000002;0;0;0;0;1.5;65;285;1.3;;;;;;;;0.079999998;0.059999999;8.6000004;;;;140;1
12220;90;76.900002;21.1;0.60000002;0;0;0;0;1.4;57;248;1;;;;;;;;0.11;0.18000001;7;;;;140;1
12220;92;80;16;3.0999999;0;0;0;0;0.89999998;40;165;1.9;;;;;;30;;0.039999999;0.050000001;1.9;;1;;140;1
12220;103;73.099998;25.4;0.2;0;0;0;0;1.3;57;256;0.80000001;;;;;;;;0.059999999;0.059999999;5.1999998;;;;90;1
12220;126;70.599998;25.1;2.8;0;0;0;0;1.5;173;266;1.5;;;;;;;;0.11;0.11;6.3000002;;;;140;1
12220;93;77.099998;19.700001;1.6;0;0;0;0;1.4;41;187;1.1;;;;;;;;;;;;;;140;1
12220;163;66.099998;25.1;7;0;0;0;0;1.6;35;197;1.8;;;;;;;;;;;;;;140;1
12220;110;73.400002;23.1;1.9;0;0;0;0;1.2;39;166;0.89999998;;;;;;;;;;;;;;140;1
12220;94;76.599998;20.799999;1.2;0;0;0;0;1.3;38;198;1.1;;;;;;50;;0.039999999;0.14;3.0999999;;1;;140;1
12220;102;74.900002;21.299999;1.9;0;0;0;0;1.2;43;203;;;;;;;;0;;;;;;;140;1
12220;249;52.099998;33;13;0;0;0;0;2;79;301;1.4;;;;;;;;;;;;;;140;1
12220;116;71.400002;25.4;1.6;0;0;0;0;1.1;48;190;1.1;;;;;;;;;;;;;;140;1
12220;112;74.199997;22;2.7;0;0;0;0;1.1;22;217;2;;;;;;;;;;;;;;140;1
12220;205;57.799999;33.099998;8.1000004;0;0;0;0;1.6;37;280;2.0999999;;;;;;;;;;;;;;140;1
12220;133;68.800003;28.700001;2;0;0;0;0;1.2;31;251;4;;;;;;;;;;;;;;140;1
12220;97;76.900002;20.200001;1.8;0;0;0;0;1.3;40;215;0.80000001;;;;;;;;;;;;;;140;1
12220;218;56.299999;29.6;11.1;0;0;0;0;2.2;43;355;1.6;;;;;;;;;;;;;;140;1
12220;104;75.5;22.700001;1.5;0;0;0;0;1.4;28;200;0.80000001;;;;;;;;;;;;;;140;1
12220;142;71.699997;19.299999;7.1999998;0;0;0;0;1.1;20;119;0.89999998;;;;;;;;;;;;;;140;1
12220;188;63;25.5;9.6000004;0;0;0;0;1.4;28;189;;;;;;;;0;;;;;;;140;1
12220;138;70.599998;20.200001;6.4000001;0;0;0;0;1;22;137;1.2;;;;;;;;;;;;;;140;1
12220;85;77.699997;20.299999;0.40000001;0;0;0;0;1.4;49;303;0.69999999;;;;;;;;0.07;0.050000001;5;;;;140;1
12220;81;79.300003;18.9;0.60000002;0;0;0;0;1.4;90;213;1.2;;;;;;;;0.050000001;0.07;1.5;;;;90;1
12220;91;77.099998;20.5;1;0;0;0;0;1.4;31;318;1.1;;;;;;;;0.050000001;0.1;6;;;;120;1
12220;89;78.099998;19.4;1.3;0;0;0;0;1.2;46;209;;;;;;;;0;0.13;0.050000001;3.0999999;;;60;120;1
12220;85;78.199997;18.6;1.2;0;0;0;0;1.5;112;312;1;;;;;;;;0.090000004;0.090000004;4.5;;;;120;1
12220;92;77.400002;19.9;1.4;0;0;0;0;1.3;36;191;1.6;;;;;;;;0.16;0.17;5;;;;120;1
12220;77;80.099998;18.200001;0.5;0;0;0;0;1.2;49;213;1;;;;;;;;0.050000001;0.039999999;2.8;;;35.200001;120;1
12220;74;80.900002;17.700001;0.30000001;0;0;0;0;1.1;66;145;0.89999998;;;;;;;;0.18000001;0.039999999;1.4;;;;0;1
12220;94;76.599998;20.9;1.2;0;0;0;0;1.3;70;365;1.3;;;;;;;;0.13;0.079999998;5.0999999;;;;140;1
12220;84;78.5;19.200001;0.80000001;0;0;0;0;1.2;48;180;0.89999998;;;;;;;;;;;;;;140;1
12220;106;73.099998;24.799999;0.69999999;0;0;0;0;1.2;37;179;;;;;;;;0;;;;;;;140;1
12220;102;76.5;21.1;1.9;0;0;0;0;1.2;23;202;0.40000001;;;;;;;;;;;;;;120;1
12220;156;65.099998;28.700001;4.5999999;0;0;0;0;1.6;29;260;;;;;;;;0;;;;;;;120;1
12220;107;74.5;23.200001;1.6;0;0;0;0;1.1;23;185;0.40000001;;;;;;;;;;;;;;120;1
12220;82;78.400002;19.299999;0.5;0;0;0;0;1.8;292;318;1.6;;;;;;;;0.12;0.07;4.1999998;;;;120;1
12220;145;70.699997;19.700001;7.3000002;0;0;0;0;2.3;215;305;0.89999998;30;0.89999998;0.090000004;570;300;28;;0.050000001;0.18000001;7.5;0.47999999;;;120;1
12220;145;71.699997;20.6;7;0;0;0;0;1.3;127;303;2.4000001;;;;;;;;0.0099999998;0.34999999;9.6999998;;;136;30;1
12220;183;61.700001;24.9;9.3000002;0;0;0;0;4.0999999;398;478;3.5999999;52;3;0.19;650;430;;;0.050000001;0.34;8.3000002;0.30000001;;120;50;1
12220;119;73.300003;23;3;0;0;0;0;1.2;17;251;0.60000002;;;;;;;;;;;;;;120;1
12220;189;61.099998;30;7.6999998;0;0;0;0;1.5;19;336;;;;;;;;0;;;;;;;120;1
12220;131;70;25.299999;3.3;0;0;0;0;1.3;17;246;0.69999999;;;;;;;;;;;;;;120;1
12220;212;58;29;10.7;0;0;0;0;1.5;26;253;0.40000001;;;;;;;;;;;;;;120;1
12220;111;73.300003;22.9;2.2;0;0;0;0;1.1;21;126;0.30000001;;;;;;;;;;;;;;120;1
12220;103;76.300003;19.5;2.7;0;0;0;0;1.3;11;245;0.40000001;26;0.5;0.1;62;413;32;;0.079999998;0.07;3.4000001;;;55;120;1
12220;74;80.699997;17.9;0.30000001;0;0;0;0;1.1;140;183;1;;;;;;;;0.039999999;0.050000001;1.5;;;55;100;1
12220;73;81.699997;12.6;1.6;2;2;0;0;2.0999999;38;168;;;;;;;;0;0.1;0.18000001;1.3;;1;;100;1
12220;80;79.900002;16.799999;1.4;0;0;0;0;1;18;162;0.60000002;33;1.5;1.9;44;246;;;0.050000001;0.050000001;2.3;0.059999999;;96;90;1
12220;91;77.800003;19.700001;1.3;0;0;0;0;1.2;93;209;1.6;49;2.4000001;0.23;930;100;;;0.02;0.1;1.8;0.1;;150;140;1
12220;97;77.199997;17.4;2.5;1.1;1.1;0;0;1.8;45;182;0.80000001;;;;;;;;0.079999998;0.079999998;1.9;;;;140;1
12220;81;78.199997;17.4;0.80000001;1;1;0;0;2.5999999;248;109;61.200001;;;;;;;;0.0099999998;0.050000001;0.1;;;;60;1
12220;121;73.300003;18.299999;4.5999999;1.7;1.7;0;0;2.0999999;290;476;50.099998;;;;;;;;0.0099999998;0.15000001;0.69999999;;;;60;1
12220;84;79.199997;16.200001;1.9;0.5;0.5;0;0;2.2;40;184;;;;;;;;0;0.13;0.059999999;1.9;;;92;90;1
12220;89;77.199997;20.299999;0.89999998;0;0;0;0;1.6;75;278;2.2;;;;;;;;0.059999999;0.69999999;3.9000001;;;;60;1
12220;104;76.099998;17.200001;3.3;1.3;1.3;0;0;2.0999999;102;227;10;;;;;;;;0.0099999998;0.41;1.1;;;;120;1
12220;42;88.900002;5.8000002;0.5;3.5;3.5;0;0;1.3;133;76;6.8000002;;;;;;;;0.039999999;0.38;7.0999999;;;50;60;1
12220;88;77.800003;16.799999;1.2;2.4000001;2.4000001;0;0;1.8;115;186;7.5999999;;;;;;;;;0.27000001;0.69999999;;;;60;1
12220;64;83.199997;14.2;0.60000002;0.40000001;0.40000001;0;0;1.6;37;144;2.7;;1.7;0.43000001;;;;;0.02;0.039999999;1.9;;;;60;1
12221;179;70.599998;11.6;13.1;3.5999999;3.5999999;0;0;1.1;74;202;;;;;;;70;0;0.13;0.44999999;0.1;;;;90;1
12221;156;74.099998;12.4;11.1;1.5;1.5;0;0;0.89999998;55;200;2.8;12;1.4;;144;147;240;;0.11;0.30000001;0.1;0.079999998;;556.29999;0;1
12221;46;87.800003;10.8;0.2;0.60000002;0.60000002;0;0;0.60000002;7;16;0.2;12;;0.13;170;154;;;;0.25999999;0.1;0.0099999998;;0;80;1
12221;354;49.599998;16.1;31.6;1.2;1.2;0;0;1.5;145;550;6.8000002;16;3.8;0.40000001;51;138;768;;0.25999999;0.40000001;;0.30000001;;1589.3;58;1
12221;576;5;46.799999;42;2.5999999;2.5999999;0;0;3.5999999;190;767;8.8000002;;;;;;888;;0.34;1.0599999;0.2;;;;0;1
12221;166;69.5;16.200001;10.4;2;2;0;0;1.9;389;404;1.9;;;;;;336;;0.15000001;0.34999999;0.2;;;;30;1
12221;367;26.6;39.900002;19;9;9;0;0;5.5;51;488;5;;;;;;;;;0.56;2.4000001;;;;80;1
12221;111;79.199997;12.6;6.3000002;0.89999998;0.89999998;0;0;1;62;180;1.6;;;;;;52;;0.28;0.31;0.1;;;;80;1
12222;44;90.199997;1.7;1.2;6.5;6.5;0;0;0.40000001;126;57;0.2;;;;;;16;;0.02;0.090000004;0.1;;2;;80;1
12222;75;86.300003;4;4.8000002;4;4;0;0;0.89999998;145;110;0.40000001;13;0.5;0.029999999;42;170;38;;0.050000001;0.2;0.30000001;;1;;240;1
12222;78;85.199997;1.1;4;9.5;9.5;0;0;0.2;43;14;0.1;3;0.17;0.02;;;58;;0.039999999;0.2;0.2;;5;;240;1
12222;36;92.599998;3.4000001;1.5;2.0999999;2.0999999;0;0;0.40000001;21;47;0.69999999;;;;;;;;0.090000004;0.039999999;0.30000001;;;;240;1
12222;63;87.800003;3.5;3.4000001;4.6999998;4.6999998;0;0;0.60000002;131;90;0.029999999;12;0.38;0.0099999998;48;157;36;;0.039999999;0.2;0.1;0.039999999;1;16.6;240;1
12222;43;89.800003;3.5999999;0.89999998;5;5;0;0;0.69999999;121;95;0.059999999;14;0.40000001;;53;150;;;0.039999999;0.19;0.1;0.050000001;;;240;1
12222;492;3.5;25.799999;26.700001;38;38;0;0;6;949;728;0.60000002;110;2.0999999;0.16;371;1160;960;;0.30000001;1.46;0.69999999;0.2;;105.2;240;1
12222;356;3.2;35;1;51.799999;51.799999;0;0;9;1290;1030;0.80000001;110;4.0999999;0.28999999;557;1580;11;;0.30000001;1.83;0.89999998;0.28;;;32.4;1
12222;324;28.200001;8;8.6999998;53.5;53.5;0;0;1.6;276;229;0.2;26;0.94;;127;371;100;;0.050000001;0.41;0.2;0.050000001;;22.799999;32.4;1
12222;138;73.699997;6.8000002;7.9000001;9.8000002;9.8000002;0;0;1.8;214;195;0.2;24;0.76999998;;106;303;96;;0.059999999;0.36000001;0.2;0.050000001;;;60;0
12222;382;54.5;2;40.299999;2.9000001;2.9000001;0;0;0.30000001;77;62;0.30000001;;;;;;;;0.039999999;0.059999999;0.40000001;;;90;200;1
12222;257;57.5;15.5;18.9;6.1999998;6.1999998;0;0;1.9;490;270;1.5;;;;;;192;;0.02;0.46000001;0.1;;;;10;1
12222;731;19.5;0.60000002;81;0;0;0;0;2.5;20;16;;;;;;;792;;;0.0099999998;0.1;;;267.70001;50;1
12222;326;54.799999;2.5;32;7.0999999;7.0999999;0;0;3.5999999;105;77;0.40000001;;;;;;199;;0.039999999;0.23;0.40000001;;;121.4;10;1
12222;63;87;3.0999999;3.3;5.3000002;5.3000002;0;0;1.3;51;53;0.1;;;;;;;;0.039999999;0.15000001;0.1;;;;40;1
12222;376;39;22.4;31.200001;1.3;1.3;0;0;6.0999999;684;810;0.80000001;;;;;;293;;0.02;0.25999999;0.40000001;;;73.699997;240;1
12222;277;52.099998;12.7;21.9;7.1999998;7.1999998;0;0;6.0999999;394;790;2.0999999;;;;;;;;0.02;0.02;0.1;0.02;;50;60;1
12222;398;36.099998;26;32.099998;1.3;1.3;0;0;4.5;770;513;;;;;;;384;0;0.029999999;0.47999999;0.1;;;70.199997;50;1
12222;337;41.700001;22.799999;26.5;1.9;1.9;0;0;7.0999999;740;360;0.5;;;;;;842;;0.050000001;0.70999998;1.3;;;;60;1
12222;389;37.200001;24.9;31.5;1.4;1.4;0;0;5;848;650;0.80000001;;;;;;360;;0.050000001;0.52999997;0.1;;;53.5;50;1
12222;224;45.200001;38.200001;5.6999998;4.9000001;4.9000001;0;0;6;1004;642;1.8;;;;;;31;;0.079999998;0.63999999;0.2;;;;60;1
12222;337;36;34;21;3;3;0;0;6;700;500;1;;;;;;192;;0.1;0.5;0.2;;;;60;1
12222;304;51.299999;12.3;26.5;4.0999999;4.0999999;0;0;5.8000002;406;767;1.5;;;;;;;;;;0.1;;;50;60;1
12222;313;50.599998;18.299999;26.299999;0.80000001;0.80000001;0;0;4;676;403;0.69999999;;;;;;;;0.02;0.079999998;;;;53.5;60;1
12222;398;37;25;32.200001;2.0999999;2.0999999;0;0;3.7;750;478;1;;;;;;314;;0.029999999;0.46000001;0.1;;;;60;1
12222;402;34.099998;24.299999;32.799999;2.4000001;2.4000001;0;0;6.4000001;665;473;1;;;;;;360;;0.039999999;0.63999999;0.1;;;96.599998;60;1
12222;172;65.099998;16;10.3;3.7;3.7;0;0;4.9000001;310;146;0.80000001;;;;;;36;;0.0099999998;0.63;0.2;;;106.8;50;1
12222;377;51;9;37;2;2;0;0;1;68;97;0.2;10;0.54000002;0.039999999;300;160;348;;0.0099999998;0.22;0.1;;;92.800003;60;1
12222;316;45.700001;19.299999;24.799999;4;4;0;0;6.1999998;461;271;0.69999999;;;;;;240;;0.029999999;0.69;;;;72.599998;40;1
12222;355;41.5;24.9;27.4;2.3;2.3;0;0;3.9000001;700;546;0.2;29;3.9000001;0.07;819;120;174;;0.029999999;0.33000001;0.1;0.079999998;0;114.3;60;1
12222;284;54.5;18.799999;23;0.40000001;0.40000001;0;0;3.3;332;263;0.5;;;;;;;;0.02;0.14;0.1;;;68;60;1
12222;404;35.900002;28.799999;31.799999;0.60000002;0.60000002;0;0;2.9000001;1100;822;1.1;;;;;;135;;;0.5;0.40000001;;;;60;1
12222;230;60.099998;19.9;16.1;1.3;1.3;0;0;2.5999999;263;428;0.2;24;2.0999999;;373;67;241;;0.029999999;0.27000001;0.1;0.059999999;0;46.799999;60;1
12222;363;40.900002;24.200001;28.5;2.4000001;2.4000001;0;0;4;731;432;0.80000001;;;;;;192;;0.029999999;0.38;0.1;;;;60;1
12222;391;27.200001;40.799999;24.700001;1.3;1.3;0;0;6;1260;823;0.60000002;45;5.3000002;0.33000001;1090;110;254;;0.0099999998;0.38;0.2;;;90.5;60;1
12222;161;71.5;13.4;10.8;2.5999999;2.5999999;0;0;1.7;350;243;0.40000001;9;0.60000002;0.039999999;360;89;;;0.02;0.090000004;;;;54.5;12;1
12222;423;34.099998;22.200001;36.599998;1.1;1.1;0;0;6;735;535;1.1;;;;;;271;;0.029999999;0.46000001;1.4;;;;60;1
12222;323;49.299999;7.1999998;28.6;9.1999998;9.1999998;0;0;5.6999998;259;724;1.9;;;;;;;;0.029999999;;0.1;0.0099999998;;;60;1
12222;114;74.800003;3.5999999;3.2;17.700001;17.700001;0;0;0.69999999;144;;;;;;;;52;;0.039999999;0.19;;;;;40;0
12222;92;80.599998;4.1999998;3.5999999;10.8;10.8;0;0;0.80000001;172;;;;;;;;62;;0.059999999;0.23999999;;;;;240;1
12222;63;85.199997;4.9000001;1.5;7.4000001;7.4000001;0;0;1;;;;;;;;;;;;;;;;;180;1
12222;55;86.199997;4.3000002;0.69999999;7.8000002;7.8000002;0;0;1;;;;;;;;;159;;;;;;;;240;1
12222;74;85.300003;4.3000002;3.8;5.6999998;5.6999998;0;0;0.89999998;178;;;;;;;;66;;0.059999999;0.22;;;;15.5;240;1
12222;51;87;4.5999999;0.60000002;6.9000001;6.9000001;0;0;0.89999998;;;;;;;;;;;;;;;;7.6999998;240;1
12223;271;11;23.200001;1.4;41.299999;60.700001;19.4;18.700001;3.7;63;337;4.3000002;118;3.5;0.74000001;26;941;30;180;0.62;0.20999999;3;0.12;;;240;1
12223;86;72.5;7.4000001;0.30000001;13.5;19;5.5;4.6999998;0.80000001;27;125;1.6;;;;;;;;0.1;0.02;0.80000001;;;;50;1
12223;94;69.199997;7.8000002;0.5;14.5;21.700001;7.1999998;;0.80000001;28;120;2.0999999;;;;;;68;408;0.30000001;0.15000001;2;;25;;50;1
12223;67;77;4.6999998;0.30000001;11.4;15.7;4.3000002;;2.3;26;76;1.9;;;;;;69;414;0.079999998;0.56999999;0.80000001;;8;;50;1
12223;233;11.2;23.9;1.5;31;59.700001;28.700001;26.299999;3.7;215;418;6.9000001;140;2.5999999;0.63;4;1340;;;0.75999999;0.18000001;2.2;0.40000001;2;;50;1
12223;84;70.900002;8;0.5;11.8;19.5;7.6999998;6.3000002;1.1;150;157;3.2;47;1;0.20999999;4;415;;;0.15000001;0.40000001;0.40000001;0.40000001;;;50;1
12223;73;73.599998;6.3000002;0.5;10.9;17.9;7;;1.7;50;105;2;51;1.1;0.23;5;454;;;0.050000001;0.039999999;0.30000001;0.079999998;;;50;1
12223;248;11.5;23;1.6;35.400002;59.299999;23.9;20.200001;4.5999999;130;567;9;171;3.5999999;0.83999997;5;1483;;;0.76999998;0.25;3.0999999;0.28999999;8;;50;1
12223;82;68.800003;8.5;0.30000001;11.3;21;9.6999998;8.1000004;1.4;54;191;3.5;70;1.2;0.28999999;1;355;;;0.14;0.029999999;0.40000001;0.07;;;50;1
12223;66;76.199997;5.4000001;1.5;7.5999999;15;7.4000001;;1.9;63;133;2.7;;;;;;;;0.050000001;0.050000001;0.60000002;;;;50;1
12223;251;12;20.9;2;37.299999;60.400002;23.1;20.700001;4.6999998;168;347;7.0999999;138;2.8;0.69999999;12;1359;;;0.19;0.18000001;2.9000001;0.40000001;6;;50;1
12223;91;68.5;8.6000004;0.5;13;21.1;8.1000004;6.9000001;1.3;39;193;2.9000001;42;0.89999998;0.25999999;5;378;;;0.039999999;0.050000001;0.60000002;0.12;;;50;1
12223;88;69.199997;6.8000002;0.69999999;13.5;21.4;7.9000001;;1.9;38;68;2.2;38;0.75;0.2;;350;;;0.20999999;0.029999999;0.40000001;0.02;;;50;1
12223;322;13.5;24.1;1.3;;57.400002;;;3.7;67;529;8.5;;;;;;;;0.44;0.17;1.5;;;;50;1
12223;257;11.6;26.700001;0.89999998;35.5;57.400002;21.9;20.4;3.4000001;58;333;8.1000004;;;;;;;;1.01;0.25;2;;2;;50;1
12223;92;69.199997;8.1999998;0.40000001;14;21.299999;7.3000002;6.8000002;0.89999998;25;156;2.2;;;;;;;;0.18000001;0.050000001;0.40000001;;;;50;1
12223;311;13.1;22.1;1;;61.200001;;;2.5999999;46;375;7.3000002;;;;;;;;0.44;0.12;1.5;;2;;50;1
12223;310;12.4;20;4.5999999;47;60;13;12.5;3;146;312;7.5;155;3.5;0.079999998;25;810;5;;0.34999999;0.14;1.4;0.55000001;1;;50;1
12223;113;64.800003;9.5;1.8;14.7;22.799999;8.1000004;7.1999998;1.1;82;135;2.5999999;;0.76999998;0.18000001;;;;;0.07;0.029999999;0.5;;;;50;1
12223;324;12.8;21.200001;1.5;;60.900002;;;3.5999999;152;368;7.0999999;;;;;;;;0.33000001;0.2;1.9;;;;50;1
12223;267;12;25.5;1.3;38.400002;57;18.6;;4.1999998;96;343;4.9000001;;;;;;3;18;0.46000001;0.15000001;2.0999999;;;;50;1
12223;273;12.2;25.5;1.6;39.099998;57.700001;18.6;;3;77;358;6.3000002;;;;;;10;60;0.30000001;0.25999999;0.30000001;;;;50;1
12223;111;64.5;9.3000002;0.5;17.200001;24.700001;7.5;;1;40;157;2.2;;;;;;17;102;0.27000001;0.13;1.5;;26;;50;1
12223;252;13.4;23.9;0.89999998;37;59.700001;22.700001;21.200001;2.0999999;80;356;8.1000004;107;3.5999999;0.85000002;10;905;57;342;0.40000001;0.18000001;1.6;0.56999999;;;50;1
12223;65;79.099998;6.8000002;0.30000001;8.6999998;13.2;4.5;4;0.60000002;27;100;2.5;26;1.45;0.19;12;220;;;;0.02;0.40000001;;;;50;1
12223;250;11.2;20.9;1;39.299999;63.099998;23.799999;21.9;3.8;133;300;4.9000001;;;;;;35;210;0.72000003;0.1;2.5999999;;;;50;1
12223;98;66.199997;8.1999998;0.5;15.2;24;8.8000002;8.1999998;1.1;111;111;1.9;;;;;;;;0.12;0.02;0.60000002;;;;50;1
12223;121;66.099998;8.3999996;1;;23.200001;;;1.3;34;107;1.5;;;;;;76;456;0.34;0.20999999;2.5;;40;;50;1
12223;412;7.5;33.400002;16.1;;38.299999;;;4.6999998;227;586;8;240;4.3000002;1.6;5;1330;11;66;1.0700001;0.31;2.3;0.38;;;50;1
12223;442;7.6999998;35.400002;20.1;;32.200001;;;4.5999999;195;553;12.1;;;;;;14;84;0.76999998;0.28;2.2;;;;20;1
12223;335;8;52;0.80000001;;32.700001;;;6.5;380;750;13;;;;;;2;12;1.36;0.34999999;2.5;;;;50;1
12224;94;73.5;1;0.1;22.299999;24.299999;2;1.1;1.1;25;60;0.89999998;;;;;;57;342;0.059999999;0.039999999;3.5;;18;;50;1
12224;88;76.199997;0.60000002;0.5;20.299999;21.9;1.6;0.89999998;0.80000001;15;40;0.5;;;;;;;;0.029999999;0.029999999;2.5;;;;130;1
12224;108;68.699997;1.5;0.40000001;24.700001;28.5;3.8;1.6;0.89999998;17;62;1.2;25;0.89999998;0.16;4;473;50;300;0.11;0.050000001;0.69999999;;23;;130;1
12224;83;76.199997;1.9;0.1;18.6;20.9;2.3;1.7;0.89999998;12;64;0.80000001;;;;;;16;96;0.059999999;0.050000001;0.60000002;;;;150;1
12224;90;75.599998;1.4;0.2;20.6;21.9;1.3;0.69999999;0.89999998;18;27;0.80000001;;;;;;7;42;0.12;0.0099999998;0.5;;12;;130;1
12224;112;69.900002;1.2;0.60000002;25.5;27.4;1.9;1;0.89999998;16;36;0.69999999;;;;;;2;12;0.1;0.0099999998;0.60000002;;11;;130;1
12224;98;73.400002;2.0999999;0.2;21.9;23.4;1.5;0.80000001;0.89999998;18;49;0.89999998;;0.11;0.1;393;;;;0.12;0.029999999;0.40000001;;7;;130;1
12224;88;75.699997;1.7;0.1;19.9;21.700001;1.8;1.1;0.80000001;28;37;0.69999999;;;;;;;;0.079999998;0.02;0.30000001;;;;130;1
12224;103;71.900002;1.7;0.80000001;22.299999;24.4;2.0999999;1.3;1.2;22;72;0.89999998;;;;;;3;18;0.13;0.02;0.60000002;;6;;130;1
12224;101;72;1;0.2;23.700001;26.1;2.4000001;1.7;0.69999999;26;42;0.60000002;;;;;;;;0.079999998;0.0099999998;0.40000001;;;;130;1
12224;156;56.799999;1.2;0.2;37.400002;40.900002;3.5;2.3;0.89999998;48;68;2.2;;;;;;;;0.18000001;0.059999999;1.3;;;;130;1
12224;81;77.5;2;0.1;17.9;19.5;1.6;0.60000002;0.89999998;8;45;0.80000001;20;0.34999999;0.090000004;3;411;;;0.1;0.059999999;1.2;0.31;20;;130;1
12224;68;81.199997;2;0.1;14.8;16.1;1.3;0.60000002;0.60000002;6;40;0.69999999;14;0.30000001;0.07;7;280;;;0.07;0.02;1.1;;;;130;1
12224;80;78.400002;2.0999999;0.30000001;17.299999;18.299999;1;0.69999999;0.89999998;13;43;1;;;;;;3;18;0.2;0.039999999;1.6;;4;;130;1
12224;143;61.599998;1.1;0.2;34.200001;36.5;2.3;1.3;0.60000002;29;53;0.69999999;70;0.55000001;0.16;15;344;;;0.059999999;0.029999999;0.60000002;;35;;130;1
12224;129;65.300003;0.80000001;0.2;30.9;33.299999;2.4000001;1.3;0.40000001;20;38;0.5;;;;;;;;0.039999999;0.02;0.40000001;;;;150;1
12225;19;90.400002;2;0.2;2.2;5.8000002;3.5999999;3.5;1.6;112;47;3.4000001;;0.27000001;0.13;;;600;3600;0.050000001;0.18000001;0.40000001;;34;;150;1
12225;152;76;1.3;14;5.1999998;8;2.8;;0.69999999;10;39;0.60000002;;0.33000001;0.16;;;22;132;0.039999999;0.1;1.4;;13;;200;1
12225;41;88.300003;1.2;0.2;;9.6999998;;;0.60000002;6;20;0.69999999;;;;;;50;300;0.059999999;0.079999998;2.0999999;;35;;100;1
12225;46;86.599998;1.9;0.60000002;;10.2;;;0.69999999;20;28;1.7;;;;;;156;936;0.090000004;0.13;1.5;;91;;15;1
12225;63;81.099998;2.2;1.6;;14.1;;;1;29;65;1;;;;;;460;2760;0.07;0.2;1.6;;100;;15;1
12225;129;65.5;5.0999999;0.2;;27.799999;;;1.4;52;151;1.2;25;1;0.059999999;4;620;;;0.2;0.07;0.40000001;0.38;10;;15;1
12225;36;86.199997;1.5;0.1;7.1999998;11.4;4.1999998;4;0.80000001;59;52;1;;;;;;20;120;0.079999998;0.059999999;0.40000001;;17;;15;1
12225;25;86.900002;2.8;0.2;2.9000001;9.1000004;6.1999998;2.7;1;44;68;1.7;26;;0.31999999;47;353;14;84;0.059999999;0.07;0.80000001;;5;;40;1
12225;16;93.5;0.89999998;0.1;2.8;4.3000002;1.5;1.5;1.2;52;35;0.80000001;12;0.11;0.12;132;344;3;18;0.050000001;0.050000001;0.30000001;0.090000004;8;;70;1
12225;43;87.5;1.5;0.40000001;8.3999996;9.6999998;1.3;;0.89999998;26;34;0.80000001;;;;;;495;2970;0.059999999;0.059999999;0.89999998;;8;;115;1
12225;27;91.699997;0.80000001;0.2;5.5999999;6.6999998;1.1;;0.60000002;27;28;0.5;;;;;;186;1116;0.029999999;0.039999999;0.60000002;;;;120;1
12225;18;92;1;0.30000001;2.8;5.5;2.7;2.5999999;1.2;15;31;0.69999999;11;0.2;0.0099999998;2;170;3;18;0.059999999;0.050000001;0.60000002;0.079999998;5;;100;1
12225;18;91.599998;2.2;0.40000001;1.5;4.5;3;2.9000001;1.3;200;50;2.3;;;;;;472;2832;0.079999998;0.2;0.80000001;;70;;120;1
12225;27;88.099998;3.8;0.40000001;2.0999999;6.5;4.4000001;4.1999998;1.2;160;64;1.6;22;0.60000002;0.02;8;370;350;2100;0.1;0.16;0.89999998;0.11;112;;50;1
12225;11;96.099998;1.2;0.2;1.1;1.9;0.80000001;0.60000002;0.60000002;22;45;0.5;;;;;;;;0.059999999;0.059999999;0.69999999;;1;;150;1
12225;43;86.699997;1.4;0.2;9;11.1;2.0999999;;0.60000002;34;44;0.40000001;4;0.2;0.050000001;3;160;5;30;0.029999999;0.039999999;0.2;0.2;9;;100;1
12225;19;90.5;2.5;0.2;1.8;5.9000001;4.0999999;3.9000001;0.89999998;28;61;0.89999998;17;0.60000002;0.02;9;380;9;54;0.090000004;0.090000004;0.5;0.28;65;;15;1
12225;31;90.699997;2;0.1;;6.4000001;;;0.80000001;36;52;0.40000001;;;;;;;;0.059999999;0.029999999;0.30000001;;68;;140;1
12225;25;92;0.69999999;0.2;5.1999998;6.6999998;1.5;1.4;0.40000001;19;22;0.5;;;;;;;;0.02;0.029999999;0.40000001;;13;;125;1
12225;14;93;1.4;0.2;1.6;4.5;2.9000001;2.4000001;0.89999998;94;57;1.6;10;0.36000001;0.039999999;53;346;300;1800;0.07;0.12;0.40000001;;11;;140;1
12225;23;92.300003;2.2;0.2;3.0999999;4.5999999;1.5;;0.69999999;21;62;0.89999998;13;0.69999999;0.079999998;1;260;100;600;0.16;0.19;1.4;0.090000004;33;;20;1
12225;25;91.699997;2.4000001;0.40000001;2.9000001;4.1999998;1.3;;1.3;19;53;1.9;13;0.69999999;0.079999998;60;210;80;480;0.059999999;0.079999998;1;0.07;18;;120;1
12225;17;92.099998;2.3;0.30000001;1.3;3.8;2.5;2.4000001;1.5;81;55;3;54;0.56999999;0.079999998;140;500;600;3600;0.11;0.2;0.60000002;0.17;46;;120;1
12225;26;90.699997;2.7;0.2;3.4000001;5.4000001;2;;1;11;125;1.2;14;0.5;0.40000001;8;417;;;0.1;0.44;5.1999998;0.07;5;;100;1
12225;25;91.199997;2.3;0.5;2.9000001;4.9000001;2;;1.1;19;69;0.80000001;15;;0.5;319;125;;;0.02;0.19;1.2;0.059999999;2;;100;1
12225;45;88.199997;0.5;0.80000001;;9.6999998;;;0.80000001;15;34;3.0999999;;;;;;50;300;0.039999999;0.029999999;0.40000001;;4;;50;1
12225;10;94.199997;1.2;0.2;0.89999998;3.5;2.5999999;;0.89999998;62;20;1.1;;0.23999999;0.02;;;162;972;0.059999999;0.07;0.30000001;;18;;50;1
12225;25;92.199997;1.1;0.1;;5.8000002;;;0.80000001;42;34;0.5;;;;;;;;0.039999999;0.050000001;0.5;;26;;20;1
12225;41;82.800003;1.6;0.2;8.1000004;13.9;5.8000002;4.5999999;1.5;70;40;0.5;;;;;;;;0.059999999;0.059999999;1.1;;;;100;1
12225;13;95.599998;0.69999999;0.1;2.4000001;3.2;0.80000001;0.5;0.40000001;10;21;0.30000001;8;0.15000001;0.050000001;9;141;;;0.029999999;0.039999999;0.2;0.039999999;8;;100;1
12225;37;84;4;0.80000001;3.4000001;9.3999996;6;;1.8;210;68;4.3000002;;;;;;823;4938;0.11;0.28999999;1.8;;155;;150;1
12225;20;92.300003;0.80000001;0.2;3.9000001;6.1999998;2.3;1.7;0.5;11;31;0.69999999;;;;;;780;4680;0.050000001;0.07;1.1;;160;;50;1
12225;19;92.699997;0.89999998;0.1;3.7;5.9000001;2.2;1.7;0.40000001;8;24;0.60000002;;;;;;20;120;0.039999999;0.039999999;0.69999999;;150;;100;1
12225;34;89.699997;2.4000001;0.30000001;;6.5;;;1.1;112;66;1.7;;;;;;9;56;0.11;0.13;0.89999998;;17;;100;1
12225;35;87.099998;1.4;0.2;6.9000001;10.4;3.5;3.0999999;0.89999998;26;39;1.1;25;0.34;0.079999998;58;336;;;0.029999999;0.050000001;0.40000001;0.050000001;10;;100;1
12225;28;89.300003;1;0.1;5.8000002;8.1999998;2.4000001;;1.4;19;18;0.69999999;;;;;;;;0.0099999998;0.029999999;0.1;;3;;75;1
12225;40;84;4.6999998;0.40000001;4.4000001;9.6000004;5.1999998;4.5999999;1.3;37;85;1.6;8;0.5;0.02;6;450;40;240;0.12;0.13;0.80000001;0.19;86;;140;1
12225;25;91.300003;1.4;0.2;4.3000002;6.0999999;2;1.4;0.80000001;46;31;0.5;14;0.17;0.02;17;246;8;48;0.059999999;0.050000001;0.30000001;0.090000004;50;;80;1
12225;16;92.599998;1.8;0.30000001;1.4;5;3.5999999;1.8;0.30000001;28;45;1.6;14;0.2;0.090000004;11;206;;;0.059999999;0.050000001;0.30000001;0.2;77;;80;1
12225;17;94.099998;0.60000002;0.1;;4.1999998;;;1;56;21;0.40000001;;;;;;5;30;0.0099999998;0.02;0.1;;10;;75;1
12225;10;94.699997;1.1;0.2;2.5999999;3.2;0.60000002;;0.80000001;20;33;0.89999998;13;0.23;0.079999998;9;193;102;612;0.029999999;0.02;0.69999999;;8;;75;1
12225;15;94.599998;1.4;0.2;1.9;3.2;1.3;1;0.60000002;7;21;0.89999998;14;0.17;0.059999999;3;242;79;474;0.059999999;0.039999999;0.60000002;0.1;25;;75;1
12225;17;94.5;1.2;0.5;1.8;3.2;1.4;0.89999998;0.60000002;19;23;0.89999998;7;0.1;0.0099999998;9;250;126;756;0.079999998;0.029999999;0.69999999;0.1;8;;80;1
12225;31;87.5;2.4000001;0.2;4.8000002;9.1000004;4.3000002;3.8;0.80000001;65;44;1.1;;;;;;63;378;0.079999998;0.11;0.60000002;;19;;120;1
12225;13;92.900002;1.3;0.1;1.7;4.3000002;2.5999999;2;1.4;49;24;2.4000001;;;;;;8;48;0.02;0.059999999;0.40000001;;3;;80;1
12225;34;87.5;2.5999999;0.30000001;5.0999999;8.3999996;3.3;3;1.2;39;40;1.4;;;;;;539;3254;0.050000001;0.050000001;0.40000001;;2;;140;1
12225;32;89.300003;1;0.2;6.5;8.6999998;2.2;1.5;0.80000001;42;34;0.60000002;18;0.13;0.050000001;60;290;850;5100;0.059999999;0.050000001;0.5;0.30000001;5;;140;1
12225;26;91.199997;0.80000001;0.30000001;5;6;1;0.89999998;1.7;30;22;0.69999999;;0.18000001;0.029999999;;;850;5100;0.02;0.029999999;0.40000001;;2;;140;1
12226;137;74;1.5;13.5;2.4000001;5.1999998;2.8;;5.8000002;87;17;2;19;;0.30000001;2100;43;31;186;0.029999999;0.079999998;0.5;0.02;;;70;1
12226;50;85.400002;1;0.1;11.3;13.9;1.6;;0.60000002;16;23;0.5;9;0.14;0.13;2;278;279;1674;0.029999999;0.050000001;0.80000001;0.07;7;;40;1
12226;64;82.599998;1;0.40000001;;15.2;;;0.80000001;20;30;1.1;5;0.1;;10;150;170;1020;0.02;0.02;0.2;;35;;27;1
12226;84;76.900002;0.60000002;0.1;20.200001;21.799999;1.6;1.1;0.60000002;10;15;0.30000001;11;0.1;0.059999999;2;270;135;810;0.02;0.02;0.30000001;;4;;70;1
12226;284;23;5.1999998;0.40000001;64.800003;67.900002;3.0999999;;3.5;86;119;4.9000001;;;;;;743;4458;0.0099999998;0.13;3.2;;12;;130;1
12226;100;72.800003;1.6;0.2;;24.6;;;0.80000001;28;36;1.8;;;;;;;;0.11;0.15000001;0.89999998;;42;;70;1
12226;72;82.800003;0.80000001;1.6;;14.5;;;0.30000001;21;17;0.80000001;;;;;;2;12;0.039999999;0.029999999;1;;11;;70;1
12226;92;76.900002;1.9;0.69999999;;19.799999;;;0.69999999;19;20;0.69999999;;;;;;61;366;0.039999999;0.050000001;0.80000001;;11;;70;1
12226;85;78.099998;1.2;0.60000002;;19.299999;;;0.80000001;20;23;0.5;;;;;;38;228;0.059999999;0.059999999;0.60000002;;6;;15;1
12226;78;79.800003;1.7;0.60000002;;17;;;0.89999998;18;32;1;;;;;;95;570;0.07;0.050000001;0.80000001;;7;;110;1
12226;358;8;3.7;0.5;;85.599998;;;2.2;72;101;5.4000001;;;;;;7;42;0.07;0.11;1.2;;3;;110;1
12226;95;73.800003;1;1.3;19.799999;23.200001;3.4000001;;0.69999999;20;51;0.89999998;;;;;;16;96;0.050000001;0.039999999;0.69999999;;14;;110;1
12226;231;43.900002;3.3;2.8;;49.200001;;;0.80000001;41;59;0.5;;;;;;26;156;0.039999999;0.090000004;1.2;;1;;21.5;1
12226;70;79.5;1.5;1;13.8;17.200001;3.4000001;;0.80000001;24;16;0.40000001;;;;;;38;228;0.050000001;0.050000001;0.89999998;;8;;158;1
12226;132;68.300003;1.4;1.9;;27.700001;;;0.69999999;31;23;0.69999999;;;;;;82;492;0.050000001;0.059999999;0.89999998;;10;;158;1
12226;124;69.099998;1.3;1;;27.799999;;;0.80000001;25;57;0.30000001;;;;;;20;120;0.059999999;0.050000001;0.5;;20;;110;1
12226;80;79.900002;0.89999998;0.80000001;;17.9;;;0.5;25;39;1.1;;;;;;33;198;0.11;0.079999998;0.60000002;;53;;122;1
12226;57;83.900002;0.69999999;0.2;13.2;14.9;1.7;;0.30000001;17;24;0.5;;;;;;30;180;0.050000001;0.029999999;0.40000001;;5;;134;1
12226;272;22.4;2.3;0.60000002;64.300003;72.599998;8.3000002;;2.0999999;54;85;3.9000001;;;;;;189;1134;0.1;0.16;1.7;;3;;91;1
12226;295;50.799999;3.5;27.200001;9.1000004;17.5;8.3999996;;1;13;83;1.8;39;0.79000002;;35;379;;;0.039999999;0.029999999;0.60000002;0.059999999;4;;196;1
12226;117;80.699997;1.9;11.9;0.60000002;4.6999998;4.0999999;;0.80000001;11;42;1.1;;;;;;;;0.050000001;0.029999999;0.80000001;;7;;45;1
12226;29;92;0.60000002;0.1;;6.5999999;;;0.69999999;4;20;0.40000001;;;;;;170;1020;;0.029999999;2.5;;40;;85;1
12226;91;74.699997;1.1;0.2;;23.200001;;;0.80000001;34;35;0.60000002;;;;;;;;0.090000004;0.13;0.89999998;;17;;85;1
12226;91;77.099998;1.1;1.2;;20.299999;;;0.30000001;23;19;0.69999999;;;;;;;;0.050000001;0.13;0.69999999;;21;;100;1
12226;281;20;2.2;0.60000002;66.699997;75.400002;8.6999998;;1.8;72;60;2.0999999;34;0.30000001;0.22;8;590;6;36;0.090000004;0.1;2.2;0.13;;;100;1
12226;49;85.800003;0.40000001;0.1;11.7;13.3;1.6;0.89999998;0.40000001;14;22;0.60000002;;;;;;20;120;0.050000001;0.029999999;0.30000001;;17;;195;1
12226;39;88.5;0.80000001;0.5;7.9000001;9.6999998;1.8;;0.5;28;27;0.80000001;15;0.27000001;0.050000001;3;147;6;36;0.029999999;0.07;0.30000001;0.059999999;60;;20;1
12226;90;75.5;1.3;0.5;;21.9;;;0.80000001;27;33;1.9;;;;;;;;0.1;0.059999999;0.69999999;;29;;120;1
12226;69;80.400002;0.69999999;0.5;15.5;17.9;2.4000001;;0.5;7;25;0.5;3;0.2;0.12;7;290;;;0.07;0.02;0.89999998;;8;;0;1
12226;32;90.800003;0.80000001;0;7.1999998;8.1000004;0.89999998;0.69999999;0.30000001;48;18;1.8;9;;0.02;3;200;;;0.039999999;0.029999999;0.2;0.029999999;34;;120;1
12226;67;81.800003;1;0.1;;16.700001;;;0.40000001;21;20;0.89999998;;;;;;;;0.039999999;0.059999999;0.40000001;;9;;100;1
12226;63;83.099998;1;0.40000001;;14.9;;;0.60000002;24;28;0.5;20;0.34;0.13;14;275;;;0.07;0.050000001;0.89999998;0.059999999;26;;0;1
12226;29;89;1;0.40000001;5.4000001;8.8999996;3.5;;0.69999999;23;32;1.1;;;;;;687;4122;0.050000001;0.059999999;0.80000001;;160;;85;1
12226;49;82;1;0.5;10.2;15.9;5.6999998;;0.60000002;18;23;1.8;13;0.56;;4;290;64;384;0.11;0.050000001;0.80000001;;291;;168;1
12226;85;76.300003;1.4;0.40000001;18.9;21.299999;2.4000001;;0.60000002;54;32;0.60000002;20;0.23999999;0.079999998;2;240;8;48;0.059999999;0.050000001;0.5;0.11;2;;0;1
12226;252;23;4;1.2;56.200001;69.400002;13.2;;2.4000001;186;111;3;80;0.69999999;0.30000001;62;970;8;48;0.16;0.12;1.7;0.13;;;0;1
12226;51;85.400002;0.40000001;0.1;;13.1;;;1;37;18;0.5;;;;;;;;0.039999999;0.090000004;0.60000002;;7;;0;1
12226;77;81.699997;0.80000001;2.0999999;;14.8;;;0.60000002;26;31;2.2;;;;;;25;150;0.079999998;0.059999999;0.5;;28;;60;1
12226;60;83;1;0.60000002;12.6;;2.0999999;;0.69999999;38;31;0.80000001;24;0.11;0.1;4;295;8;48;0.02;0.050000001;0.40000001;;71;;120;1
12226;31;90.5;0.60000002;0.1;6.9000001;8.3999996;1.5;;0.40000001;19;14;0.30000001;41;0.039999999;0;3;211;151;906;0.029999999;0.039999999;0.30000001;;60;;0;1
12226;34;90.900002;0.69999999;0.60000002;;7.4000001;;;0.40000001;28;20;0.5;;;;;;;;0.050000001;0.029999999;0.2;0.02;41;;60;1
12226;44;88.400002;0.89999998;0.60000002;;9.6000004;;;0.5;40;22;0.60000002;;0.1;0.029999999;5;150;;;0.039999999;;0.1;0.11;35;;160;1
12226;41;89;0.30000001;0.60000002;;9.8999996;;;0.2;22;13;0.5;;;;;;65;390;0.039999999;0.02;0.30000001;;10;;200;1
12226;83;79.900002;1.2;1.3;;16.9;;;0.69999999;12;26;1.1;;;;;;35;210;0.079999998;0.039999999;1.1;;12;;35;1
12226;50;86.300003;0.80000001;0.30000001;;11.9;;;0.69999999;33;23;0.40000001;;;;;;42;252;0.07;0.029999999;0.2;;25;;150;1
12226;55;84;0.60000002;0.1;12.8;14.8;2;1.3;0.5;10;13;0.2;;;;;;112;672;0.059999999;0.059999999;0.60000002;;45;;90;1
12226;62;82.099998;0.60000002;0.1;14.6;16.6;2;1.3;0.60000002;12;13;0.5;;;;;;300;1800;0.039999999;0.059999999;0.40000001;;70;;98;1
12226;72;79.900002;0.60000002;0.1;17.1;18.9;1.8;1.2;0.5;9;12;0.30000001;;;;;;;;0.050000001;0.059999999;0.89999998;;;;120;1
12226;65;83.099998;0.5;0.2;;16;;;0.2;5;7;0.40000001;;;;;;8;48;0.0099999998;0.02;0.2;;35;;120;1
12226;42;88;0.40000001;0.2;9.6999998;11.2;1.5;;0.2;12;23;0.80000001;;;;;;6;36;0.0099999998;0.02;;;10;;120;1
12226;55;84.5;0.30000001;0.30000001;12.8;14.7;1.9;;0.2;6;9;0.5;5;0.1;0.029999999;3;120;6;36;0.029999999;0.029999999;0.2;0.66000003;3;;0;1
12226;270;23;1.4;1;63.799999;73.199997;9.3999996;;1.4;19;48;1.4;;;;;;;;0.1;0.1;1;;12;;120;1
12226;65;80.5;0.5;0.1;15.4;18.4;3;;0.5;8;22;0.60000002;9;0.1;0.059999999;1;160;88;528;0.02;0.050000001;0.89999998;0.02;8;;120;1
12226;65;83.5;0.80000001;0.30000001;;15.1;;;0.30000001;7;19;0.89999998;;;;;;63;378;0.02;0.02;0.60000002;;35;;120;1
12226;71;80.900002;0.40000001;0.1;17.1;18.200001;1.1;;0.40000001;5;14;0.40000001;;;;;;45;270;0.0099999998;0.02;0.69999999;;4;;100;1
12226;253;23;3;0.60000002;58.799999;70.400002;11.6;;3;44;126;6.9000001;;;;;;325;1950;0.0099999998;0.2;5.4000001;;19;;130;1
12226;21;94.199997;0.60000002;0.2;4.3000002;4.5999999;0.30000001;;0.40000001;15;15;0.40000001;11;0.12;0.0099999998;8;210;150;900;0.029999999;0.039999999;0.5;0.11;25;;110;1
12226;51;81.5;0.30000001;0.5;11.4;17.299999;5.9000001;;0.40000001;14;24;0.40000001;;;;;;10;60;0.039999999;0.029999999;0.2;;20;;110;1
12226;46;87.199997;0.80000001;0.30000001;;11.4;;;0.30000001;10;15;0.5;;;;;;40;240;0.07;0.039999999;0.40000001;;227;;150;1
12226;66;80.5;1.2;0.60000002;13.9;17.1;3.2;;0.60000002;34;36;2;;;;;;17;102;0.02;0.039999999;0.5;;18;;120;1
12226;58;84.800003;0.69999999;0.1;;13.9;;;0.5;43;17;0.60000002;;;;;;7;42;0.059999999;0.039999999;0.30000001;;42;;50;1
12226;44;89.099998;1.4;0.69999999;;8.3000002;;;0.5;50;19;0.89999998;;;;;;18;108;0.07;0.029999999;0.30000001;;20;;50;1
12226;35;90.099998;0.69999999;0;;8.8000002;;;0.40000001;65;21;1.4;;;;;;7;42;0.079999998;0.039999999;0.40000001;;45;;137;1
12226;79;80.300003;0.40000001;1;;17.9;;;0.40000001;40;6;0.5;;;;;;;;;0.039999999;0.2;;7;;137;1
12226;47;87.699997;0.5;0.80000001;;10.5;;;0.5;60;11;0.5;;;;;;164;984;0.02;0.039999999;0.40000001;;1;;185;1
12226;33;91.099998;0.80000001;0.60000002;;6.9000001;;;0.60000002;16;27;0.69999999;;;;;;5;30;0.0099999998;0.079999998;1;;64;;110;1
12226;51;87;1.3;0.60000002;;10.5;;;0.60000002;22;23;0.69999999;;;;;;86;516;;0.1;1.7;;63;;110;1
12226;78;80.099998;1.8;3.4000001;;13.9;;;0.80000001;20;9;1.6;29;0.5;0;19;200;63;378;0.1;1.12;1.5;;16;;200;1
12226;21;93.900002;0.5;;4.8000002;5.0999999;0.30000001;;0.5;11;8;0.80000001;8;0.1;0.02;2;100;40;240;0.029999999;0.029999999;0.2;0.14;4;;200;1
12226;63;81.300003;0.69999999;0.40000001;14.2;17.200001;3;;0.40000001;13;16;0.30000001;8;0.2;0.72000003;2;126;3;18;0.02;0.039999999;0.1;0.02;4;;40;1
12226;53;85.699997;0.69999999;0.2;;13.1;;;0.30000001;11;13;0.2;;;;;;4;24;0.0099999998;0.02;0.2;;35;;200;1
12226;74;80.300003;0.2;0.1;;18.1;1.1;;0.2;8;10;0.2;;;;;;;;0.0099999998;0.02;0.1;;2;;90;1
12226;55;84.900002;0.40000001;0.2;8.3999996;14.1;5.6999998;5.3000002;0.40000001;16;11;0.5;17;0.12;0.0099999998;2;173;14;84;0.079999998;0.02;0.2;0.07;26;;130;1
12226;62;83;1.4;0.40000001;;14.6;;;0.60000002;10;26;1.3;;;;;;;;0.039999999;0.039999999;0.30000001;;8;;120;1
12226;137;63.400002;1.2;0.40000001;32.099998;34;1.9;;1;5;38;1;;;;;;158;948;0.050000001;0.07;0.80000001;;15;;150;1
12226;168;54.200001;1.5;0.2;40.099998;42.799999;2.7;;1.3;6;38;1.1;;;;;;221;1326;0.07;0.079999998;0.80000001;;4;;200;1
12226;133;64;1.2;0.30000001;31.4;33.700001;2.3;;0.80000001;6;34;0.80000001;;;;;;173;1038;0.050000001;0.059999999;0.69999999;;6;;100;1
12226;147;60.400002;1.2;0.2;35.099998;37.299999;2.2;;0.89999998;4;40;1.1;;;;;;;;0.059999999;0.090000004;0.69999999;;10;;100;1
12226;148;60.299999;1.4;0.30000001;34.900002;37.099998;2.2;;0.89999998;5;47;0.69999999;;;;;;215;1290;0.07;0.059999999;0.69999999;;15;;100;1
12226;201;49.200001;1.5;0.5;;47.900002;;;0.89999998;9;55;1.7;;;;;;283;1698;0.12;0.059999999;0.69999999;;7;;100;1
12226;332;10.8;2.7;1.6;76.599998;82.699997;6.0999999;;2.2;26;47;1.8;;;;;;175;1050;0.13;0.07;1.1;;;;100;1
12226;138;60.900002;1.4;0.2;32.700001;36.700001;4;;0.80000001;6;35;0.60000002;;;;;;189;1134;0.07;0.059999999;0.69999999;;9;;100;1
12226;74;84.400002;0.40000001;3.3;;11.2;;;0.69999999;40;40;0.2;;;;;;53;318;0.02;0.02;0.2;;;;21.5;1
12226;67;81.800003;0.60000002;0.2;;17;;;0.40000001;35;16;0.60000002;;;;;;40;240;0.02;0.02;0.69999999;;14;;100;1
12226;87;76.599998;2.0999999;0.89999998;;19.200001;;;1.2;34;57;0.80000001;;;;;;;;0.16;0.15000001;1.1;;6;;240;1
12226;40;89.900002;0.40000001;0.40000001;;9.1000004;;;0.2;12;11;0.2;;;;;;;;0.029999999;0.050000001;0.60000002;;1100;;120;1
12226;296;21.799999;2.4000001;0.30000001;;73.699997;;;1.8;73;79;1.3;;;0.22;3;570;7;42;0.57999998;0.14;1.2;;6;;140;1
12226;44;85.699997;1.8;0.40000001;;11.2;;;0.89999998;18;37;1.3;21;;;;320;93;558;0.11;0.050000001;1.3;;18;;150;1
12226;38;89.5;0.60000002;0.2;8.5;9.3000002;0.80000001;;0.40000001;26;26;0.5;;0.079999998;0.079999998;2;192;6;36;0.039999999;0.02;0.2;0.07;30;;20;1
12226;75;79.699997;0.5;0.1;;18.4;;;1.3;26;16;0.80000001;;;;;;;;;0.029999999;0.2;;20;;150;1
12226;200;51.599998;2.7;3.5999999;;40.900002;;;1.2;28;34;2.4000001;;;;;;;;0.039999999;0.07;0.60000002;;18;;150;1
12226;68;81.400002;0.69999999;0.30000001;15.7;17.200001;1.5;;0.40000001;17;21;0.60000002;9;0.059999999;0.079999998;2;192;8;48;0.059999999;0.039999999;0.2;0.07;4;;150;1
12226;81;77;1.4;0.30000001;;20.299999;;;1;54;33;1.2;;;;;;;;0.029999999;0.029999999;0.60000002;;17;;150;1
12226;277;24;2.3;0.5;65.900002;71.199997;5.3000002;;2;78;129;3.3;;;;;;5;30;0.15000001;0.079999998;0.5;;;;84;1
12226;111;71.599998;1.2;1;;25.200001;;;1;48;28;0.60000002;;;;;;45;270;0.0099999998;0.11;1.7;;19;;100;1
12227;160;59.700001;15.5;2.7;18.5;20.799999;2.3;;1.3;11;92;1.8;;2.3;;;;;;;;2.2;;;;30;1
12227;158;63.200001;9.1000004;4.6999998;19.9;22.1;2.2;;0.89999998;12;61;1.3;;0.60000002;;;;;;;;3.5;;;;150;1
12227;176;61.099998;8.6000004;7.4000001;18.799999;20.6;1.8;;2.3;111;155;1.2;;1.1;;;;;;;;2;;;;240;1
12227;160;61.200001;10.9;3.8;20.700001;22.700001;2;;1.4;12;84;1.6;;;;;;;;;;3.2;;;;240;1
12227;198;56.700001;8.8000002;8.3999996;21.700001;24.200001;2.5;;1.9;114;114;1.2;;1.1;;;;;;;;0.60000002;;;;240;0
12227;322;19;0.40000001;;;80.099998;;;0.5;23;16;1.1;;;;;;11;66;0.039999999;0.13;0.89999998;;;;240;1
12227;137;59.200001;4;1.3;27.299999;34.200001;6.9000001;;1.3;36;113;2.5;;;;;;;;0.23999999;0.12;1.4;;;;240;1
12227;156;64.900002;3.7;3.3;;27.799999;;;0.30000001;134;44;0.40000001;;;;;;28;168;0.050000001;0.07;0.30000001;;;;0;0
12227;247;56.900002;21.299999;16.5;0;3.3;;;2;53;148;3.3;;;;;;;;0.050000001;0.17;3.7;;;;221;1
12227;333;12.5;1.3;0.60000002;80.599998;84.699997;4.0999999;;0.89999998;60;78;3.0999999;;;;;;;;0.079999998;0.050000001;0.69999999;;;;0;1
12227;343;12;8.1000004;0.80000001;;76.400002;;;2.7;88;101;10.4;;;;;;;;;0.15000001;1.5;;;;90;1
12227;350;8;12;5.5999999;62.799999;72.800003;10;;1.6;39;284;5;;;;;;;;;0.23;2.4000001;;;;0;1
12227;373;9.8999996;11.1;3.2;;75.400002;;;0.40000001;36;89;1.9;;;;;;;;0.13;0.090000004;1;;;;0;0
12227;253;51.900002;4.0999999;13.4;;29.1;;;1.5;69;67;2.0999999;;;;;;;;0.07;0.050000001;0.30000001;;;;20;0
12227;282;46.200001;5.8000002;14.7;;31.700001;;;1.6;48;57;2.5999999;;;;;;;;0.029999999;0.059999999;0.80000001;;;;90;0
12227;262;52.900002;8.6000004;16;;21;;;1.5;;;1;;;;;;;;0.029999999;0.039999999;0.69999999;;;;0;0
12227;292;44.400002;6.0999999;15.7;;31.6;;;2.2;107;124;1.2;;;;;;;;0.02;0.12;0.2;;;;0;0
12227;113;75.099998;2.9000001;3.4000001;;17.799999;0;0;0.80000001;;;;;;;;;;;;;;;;;0;0
12227;67;83.099998;1.6;0;;15.2;0;0;0.1;;;;;;;;;;;;;;;;;0;0
12227;326;22.9;5.1999998;5.5;;64.400002;;;2;150;131;3;;;;;;;;0.11;0.079999998;0.60000002;;;;130;0
12227;183;66.300003;6.5;10.8;;15;;;1.4;39;60;1.2;;;;;;;;0.07;0.079999998;1.2;;9;;110;0
12227;247;50;12.3;11.8;23;24.6;1.6;;1.3;;;;;;;;;;;0.14;0.16;2.2;;;;80;0
12227;285;44.900002;16.299999;16.1;18.700001;20.299999;1.6;;2.4000001;;;;;;;;;;;0.059999999;0.18000001;2.7;;;;0;1
12227;250;51.700001;14;14.1;16.700001;18.299999;1.6;;1.9;;;;;;;;;;;0.059999999;0.16;2.0999999;;;;210;1
12227;74;85.199997;2.4000001;4.1999998;;7.1999998;;;1;77;47;1;;;;;;5;;0.050000001;0.029999999;1;;6;;210;1
12227;49;84.199997;8.6000004;3;;3.2;;;1;108;73;0.5;;;;;;5;;0.050000001;0.039999999;0.80000001;;6;;210;0
12227;60;86.800003;2.8;3.0999999;;6.5;;;0.80000001;58;40;0.69999999;;;;;;67;;0.039999999;0.029999999;0.80000001;;3;;240;1
12227;185;53.700001;0.5;1;;43.700001;;;1.1;94;31;3.9000001;;;;;;95;570;0.02;0.07;0.40000001;;6;;240;1
12227;128;70.800003;1.3;2.9000001;;24.200001;;;0.80000001;75;21;3;;;;;;3;18;0.0099999998;0.029999999;0.2;;;;240;1
12227;287;27.6;0.5;0.30000001;;71.199997;;;0.40000001;12;12;0.30000001;;;;;;;;0.02;0.02;0.2;;6;;20;1
12227;95;81.5;6.9000001;4.9000001;;6.0999999;;;0.60000002;62;39;1.9;;;;;;114;;0.059999999;0.039999999;0.69999999;;4;;155;0
12227;136;66.599998;10.4;4.9000001;12.6;16.9;4.3000002;;1.2;39;132;2.5;;;;;;;;0.079999998;0.07;1.3;;;;0;0
12227;318;30.6;4.5;11.3;49.5;53.099998;3.5999999;;0.5;15;20;0.5;10;0.55000001;;167;164;;;0.13;0.0099999998;2.5;0.25;28;;240;1
12227;111;74.599998;0.5;2.0999999;;22.5;;;0.30000001;27;7;2.5;;;;;;10;60;0.0099999998;0.029999999;0.1;;;;300;1
12227;224;49.200001;1.4;9.1999998;34;39.200001;5.1999998;;1;6;36;1;;;;;;259;1554;0.07;0.079999998;0.80000001;;15;;87;0
12227;211;47.200001;1.5;0.89999998;;49.5;;;0.89999998;27;41;1;;;;;;198;1188;0.11;0.059999999;0.60000002;;9;;0;1
12227;252;35;1.9;10.1;38.299999;51.799999;13.5;;1.2;9;78;0.80000001;;;;;;316;1896;0.090000004;0.1;0.89999998;;18;;100;0
12227;130;70.300003;3.4000001;3.0999999;;22.200001;0;0;1;;;;;;;;;;;;;;;;;110;0
12227;350;12.5;0.60000002;0.2;;86.5;;;0.2;12;12;1;;;;;;;;;;;;;;100;0
12228;900;0;0;100;0;0;0;0;0;;;;;;;;;;;;;;;;;125;0
12228;398;0.5;0;0;99.5;99.5;0;0;0;;;;;;;;;;;;;;;;;80;1
12228;383;3;0;0;95.800003;95.800003;0;0;1.2;76;37;2.5999999;;;;;;;;;;;;;;15;1
12228;563;5.8000002;12.4;43.700001;;34.299999;;;3.8;130;500;5.8000002;;;;;;4;24;0.18000001;0.16;1.9;;;;10;0
12228;398;5.9000001;14.2;14;;61.400002;;;4.5;150;200;5;;;;;;;;0.07;0.1;35;;;;10;0
12228;351;;6.6999998;4.4000001;71.099998;77.800003;6.6999998;;;;;7.8000002;;2;;444;256;556;;0.61000001;0.94;;1.11;;;100;0
12228;331;;6.6999998;2.2;71.099998;80;8.8999996;;;;;7.8000002;;2;;689;244;556;;0.61000001;0.94;10.6;1.11;;;150;0
12228;410;4;16;8;;69.199997;;;2.8;500;238;15;;;;;;900;;1;1.2;10;;35;;30;0
12228;356;8;16;0.80000001;;72.199997;;;3;500;300;15;;;;;;900;;1;1.2;10;;;;30;0
12228;365;5.1999998;9.6000004;2.5999999;;78.900002;;;3.7;500;450;15;;;;;;900;;1;1.2;35;;35;;240;0
12228;467;2.0999999;3.8;16.799999;;76.099998;;;1.2;46;150;2.8;;;;;;;;0.050000001;0.090000004;0.5;;;;30;0
12228;75;80.099998;0.40000001;0.2;17.9;19;1.1;;0.30000001;9;12;0.40000001;;;;;;16;96;0.0099999998;0.0099999998;0.40000001;;;;30;0
12228;83;81.5;1.3;3.8;;12.1;;;1.3;23;27;0.60000002;;;;;;262;;0.059999999;0.029999999;0.5;;;;170;0
12228;395;1;0;0.2;98.199997;98.199997;0;0;0.60000002;;;;;;;;;;;;;;;;;0;0
12228;392;1.6;9.3999996;0;28.700001;88.699997;0;0;0.30000001;;;;;;;;;;;;;;;;;0;0
12228;343;13;85.599998;0.1;0;0;0;0;1.3;;;;;;;;;;;;;;;;;130;0
12228;334;17.200001;0.5;1.4;;80.400002;;;0.5;41;28;2.3;;;;;;;;0.039999999;0.050000001;0.40000001;;;;110;0
12228;212;60.900002;4.0999999;12;22;22;0;0;1;150;119;0.1;;;;;;118;;0.050000001;0.22;0.1;;;;130;0
12228;125;64.400002;5;4;25.4;25.4;0;0;1.2;177;140;0.1;;;;;;39;70;0.059999999;0.25999999;0.1;;;;80;1
12228;389;2.9000001;16;0.89999998;;78.400002;;;1.8;500;225;15;;;;;;330;;0.80000001;1;13;1;21;;130;0
12228;345;7;36.900002;1.6;;46.599998;;;7.9000001;106;1893;18;;;;;;;;9.6999998;5.5;36.200001;;;;240;0
12228;900;0;0;100;0;0;0;0;0;;;;;;;;;;;;;;;;;200;1
12228;733;15.5;0.60000002;81;0.40000001;0.40000001;0;0;2.5;20;16;;;;;;;510;;;;;;;;20;0
12228;748;11.2;1.1;80;6.1999998;6.1999998;0;0;1.5;9;30;0.40000001;;;;;;34;61;0.02;0.029999999;;;;60;15;0
12228;260;24.5;0;0;65;65;0;0;10.5;579;85;11.3;;;;;;;;0.28;0.25;2.0999999;;;;15;0
12228;366;7.8000002;6.9000001;1.5;;81.300003;;;2.5;17;135;5;;;;;;;;0.1;0.039999999;2.4000001;;;;15;0
12228;343;8.3000002;8.8000002;0.5;75.800003;77.800003;2;;4.5999999;436;738;3.2;;;;;;;;0.28;0.12;4.8000002;;;;15;0
12228;319;20;0.30000001;0;79.5;79.5;0;0;0.2;5;16;0.89999998;2;0.89999998;0.050000001;7;35;;;;0.039999999;0.2;;4;;0;1
12228;296;25.1;0.5;0.2;73.099998;73.099998;0;0;1.1;70;42;1.2;;;;;;;;0.02;0.059999999;0.40000001;;3;;0;0
12228;84;;4.6999998;4.4000001;6.4000001;6.4000001;0;0;;84;73;2;48;;;1252;130;80;;0.1;0.2;0.80000001;;1;;15;1
12228;528;2;6.1999998;30;58.400002;58.400002;0;0;3.4000001;63;79;1.2;;;;;;;;0.039999999;0.059999999;0.5;;;;15;1
12228;496;3.9000001;6;24;58.400002;64;0;0;2.0999999;33;55;1.1;;;;;;;;0.02;0.059999999;0.5;;;;15;1
12228;371;6;0.2;0;92.5;92.5;0;0;1.3;70;5;1.1;;;;;;;;0.0099999998;0.050000001;0.30000001;;;;30;0
12228;370;5.6999998;0.60000002;0;92.5;92;0;0;1.7;174;14;4.1999998;;;;;;;;0.0099999998;0.090000004;0.5;;;;30;0
12228;360;6.5;0.69999999;0;89.400002;89.400002;0;0;3.4000001;236;12;5;;;;;;;;0.0099999998;0.079999998;0.5;;;;20;0
12228;78;70.400002;5.1999998;0.2;13.8;18.799999;5;;5.4000001;53;107;2;19;0.1;0.40000001;1120;590;287;1722;0.30000001;0.2;3.5999999;0.029999999;28;;20;0
12228;393;2;6.8000002;2.3;;86.300003;;;2.5999999;275;197;2.5;;;;;;900;;1;1.5;10;;;;20;0
12228;382;2.8;0;0.30000001;94.900002;94.900002;0;0;2;;;;;;;;;;;;;;;;;15;0
12228;320;7.3000002;18.799999;4.3000002;;51.900002;;;17.700001;;;;;;;;;;;;;;;;;200;0
12228;393;4.8000002;15.2;14.1;;51.5;;;14.4;;;;;;;;;;;;;;;;;125;0
12228;352;5.4000001;12.6;9.1000004;;55.900002;;;17;;;;;;;;;;;;;;;;;240;1
12228;246;2.4000001;12.1;15.9;13.5;13.5;0;0;56.099998;53;59;3.8;;;;;;;;;;;;;;240;1
12228;265;2.9000001;9.6999998;17.799999;16.4;16.4;0;0;53.200001;139;90;3.7;;;;;;;;;;;;;;240;1
12228;;8;13.5;6.6999998;;58.700001;;;13.1;;;;;;;;;;;;;;;;;10;0
12228;152;63.5;1.1;1.5;33.599998;33.599998;0;0;0.30000001;40;32;;;;;;;15;90;0.0099999998;0.059999999;;;;;10;0
12228;39;87.199997;1.7;0.1;7.8000002;10.1;2.3;;0.89999998;15;40;0.89999998;;;;;;136;816;0.07;0.050000001;1.7;;35;;240;1
12228;94;69.5;2;0.40000001;20.6;24.5;3.9000001;;3.5999999;12;18;0.80000001;;;;;;190;1140;0.090000004;0.07;22;;10;;130;1
12229;278;60;;;;;;;;;;;;;;;;;;;;;;;;15;1
12229;48;91.800003;0.60000002;0;3.8;3.8;0;0;0.2;4;26;;;;;;;;;;0.029999999;0.2;;;;15;0
12229;263;62.099998;;;;;;;;;;;;;;;;;;;;;;;;35;0
12229;220;59.400002;4.5;5.1999998;14.4;14.4;0;0;2.5999999;;;;;;;;;;;;;;;;;355;0
12229;305;56;;;;;;;;;;;;;;;;;;;;;;;;35;0
12229;53;91;;;;0.1;;;;10;10;;;;;;;;;;;;;;;120;0
12229;231;66.599998;;;;;;;;;;;;;;;;;;;;;;;;35;0
12229;293;58;;;;;;;;;;;;;;;;;;;;;;;;90;0
12229;48;87.900002;0;0;12;12;0;0;0.1;;20;0.2;;;;;;;;;;;;;;35;0
12229;5;98.5;0.30000001;0.1;0.80000001;0.80000001;0;0;0.30000001;5;5;0.2;;;;;;;;0.0099999998;0.0099999998;2.5999999;;;;35;0
12229;63;83.800003;0.2;0;15.5;15.5;0;0;0.5;36;13;1.6;;;;;;;;0.02;0.0099999998;0.1;;;;175;0
12229;18;95.099998;0.2;0.1;4.0999999;4.0999999;0;0;0.5;20;11;0.40000001;;;;;;;;;0.0099999998;0.1;;2;;150;0
12229;98;75.199997;0.60000002;0;;23.799999;;;0.40000001;25;35;0.60000002;;;;;;;;0.029999999;0.029999999;0.1;;;;200;0
12229;85;78.5;1.6;0.1;;19.5;;;0.30000001;20;60;0.5;;;;;;;;0.0099999998;0.02;0.2;;;;200;1
12229;48;86.5;0.60000002;0;11.5;11.5;0;0;1.4;31;58;0.40000001;;;;;;;;0.029999999;0.039999999;0.69999999;;;;200;0
12229;55;85.900002;0.1;0;13.7;13.7;0;0;0.30000001;6;10;0.5;;;;;;4;24;0.02;0.029999999;;;1;;200;0
12229;29;92.300003;0.40000001;0;6.9000001;6.9000001;0;0;0.40000001;10;15;1.1;;;;;;7;42;0.059999999;0.02;0.2;;45;;200;0
12229;21;94.5;0.2;0;5;5;0;0;0.30000001;;;;;;;;;;;;;;;35;;200;0
12229;63;84;0.30000001;0.1;15.2;15.2;;;0.40000001;15;8;0.5;;;;;;8;48;0.050000001;0.02;0.2;;9;;200;1
12229;2;98.599998;0.1;0;0.40000001;0.40000001;0;0;0.89999998;5;4;0.2;;;;;;;;;0.039999999;0.1;;;;200;1
12229;74;81;0.40000001;0;18.200001;18.200001;0;0;0.40000001;10;10;0.30000001;;;;;;;;0.039999999;0.050000001;0.2;;;;200;0
12230;579;4.6999998;18.6;54.099998;4.3000002;19.6;15.3;;3;254;475;4.4000001;170;2.1700001;0.85000002;;835;;;0.25;0.67000002;4.5999999;;;;200;0
12230;622;7.5;12.5;58;12.4;18.6;6;;3.5999999;290;350;4.0999999;;;;;;30;180;0.40000001;;;;3;;200;1
12230;190;42.5;3.5999999;1.9;39.700001;48.299999;8.6000004;;3.7;33;87;1.3;45;;0.23;2;707;;;0.30000001;;1.2;;6;;50;1
12230;558;3.8;28.799999;45.400002;8.5;19.6;11.1;;2.4000001;36;415;3.2;160;2.8;0.75999999;11;661;;;0.23999999;0.14;19;0.44;;;50;1
12230;567;5.5999999;19.4;42.200001;27.299999;30.200001;2.9000001;;2.5999999;38;497;7.3000002;267;2.0999999;3.7;14;6;;;0.44999999;0.13;;;;;50;1
12230;772;3.3;14;63.299999;11.5;17.700001;6.1999998;;1.7;83;380;2.0999999;;;;;;3;18;0.47999999;0.13;1.2;;3;;50;1
12230;692;3.8;15.4;67.699997;5.3000002;11.7;6.4000001;5.0999999;1.4;150;814;2.2;160;4;;2;144;;;0.73000002;;0.30000001;;;;50;1
12230;581;5.9000001;17.6;51.599998;11.6;22.200001;10.6;;2.7;136;500;7.3000002;158;2.8;;;1020;138;828;0.67000002;;1.4;;;;50;1
12231;228;60.799999;10.5;20.700001;0;0;0;0;0.80000001;18;126;1.3;;;;;;;;;;5.4000001;;;;44;1
12231;49;85.300003;1.2;0.40000001;10.2;11.5;1.3;0.80000001;1.6;5;22;0.89999998;;;;;;;;;0.07;0.69999999;;;;50;1
12231;317;32.599998;4.9000001;15;;45.400002;;;2.0999999;116;222;9.8000002;;;;;;12;72;0.28999999;0.22;1.6;;;;0;1
12231;12;96.099998;0.5;;2.4000001;3.3;0.89999998;0.5;0.1;5;11;0.2;;;;;;;;;;0.40000001;;;;0;1
12231;330;9.5;2.9000001;0.2;79.199997;85.199997;6;4.5;2.2;20;71;3.3;;;;;;;;0.15000001;;1.2;;;;0;1
12231;55;86.5;7.8000002;1.2;3.3;3.3;0;0;1.2;90;80;1.5;;;;;;;;;;1.2;;;;0;1
12231;58;84.199997;0.80000001;0.60000002;;13.4;;;1;30;22;1.2;;;;;;270;1620;;0.059999999;0.60000002;;15;;0;1
12231;369;10.4;1.6;0.40000001;78.199997;86.400002;8.1999998;5.8000002;1.2;72;60;3.3;;;;;;;;0.050000001;0.050000001;1.4;;;;0;1
12231;378;6.5999999;4.9000001;12.1;62.400002;75;12.6;12;1.4;32;52;3.8;;;;;;;;;0.0099999998;1.9;;;;0;1
12231;230;65.900002;8.1999998;19.200001;;5.9000001;0;0;0.80000001;20;122;0.80000001;;;;;;;;0.89999998;2.23;11.6;;;;0;1
12231;132;68;3.7;5;12;22.299999;10.3;10.2;1;46;36;1;;;;;;;;;;;;;;0;1
12231;20;92.699997;0.5;;4.4000001;6.3000002;1.9;1.1;0.5;7;17;0.69999999;;;;;;;;;;1.1;;;;0;1
12231;285;28.5;0.2;0.2;;70.900002;;;0.2;51;12;1;;;;;;;;;0.02;0.2;;;;0;1
12220;98;75.900002;19.299999;2.3;0;0;0;0;1.2;19;206;0.30000001;;;;;;;;;;;;;;;1
12225;15;94;1;0.1;2.5999999;4.0999999;1.5;1.4;0.80000001;32;30;1.1;15;0.30000001;0.039999999;18;322;;;0.029999999;0.029999999;0.2;0.059999999;25;;;1
