Configuración,Neuronas ocultas,tasa de aprendizaje,unbalanced data,missing data,split ration,Tiempo de entrenamiento,Error sobre entrenamiento,Error sobre prueba,Numero de iteraciones,Correctos en entrenamiento,Tamaño entrenamiento,Correctos en prueba,Tamaño prueba,positivos en entrenamiento,positivos en prueba
1,6,0.01,adasyn,zero,0.3,60.061485884,0.2497851868681176,0.25062429591425633,741,149,287,343,668,149,344
2,6,0.01,adasyn,zero,0.5,60.123542134,0.2525786078389971,0.24968448555883682,430,240,478,258,477,235,258
3,6,0.01,adasyn,zero,0.7,60.068578673,0.2503752337893464,0.24916850779680536,295,329,669,154,286,339,154
4,6,0.01,adasyn,mean,0.3,60.051406462,0.24241499380741208,0.2486408891264763,1024,168,303,363,706,143,350
5,6,0.01,adasyn,mean,0.5,60.074002302,0.2502005674991112,0.24970721982051955,608,256,505,248,504,245,248
6,6,0.01,adasyn,mean,0.7,60.020612785,0.2502656035334295,0.24982224683598284,428,349,706,159,303,349,144
7,6,0.05,adasyn,zero,0.3,60.003457411,0.2512495138537581,0.25038394341415066,1092,144,287,348,668,144,349
8,6,0.05,adasyn,zero,0.5,60.078302057,0.25140262986420653,0.2497531495055568,652,228,478,246,477,247,246
9,6,0.05,adasyn,zero,0.7,60.00977325,0.2518787575915469,0.2514089838813803,457,325,669,127,286,334,159
10,6,0.05,adasyn,mean,0.3,60.044218236,0.24964091751094666,0.24891250660046352,1017,151,303,365,706,149,344
11,6,0.05,adasyn,mean,0.5,60.058050277,0.2500175550375776,0.2536504016914667,605,268,505,248,504,237,256
12,6,0.05,adasyn,mean,0.7,60.085186612,0.25063241648406687,0.24798746299726682,429,339,706,164,303,353,140
13,6,0.1,adasyn,zero,0.3,60.042477464,0.2520367748520361,0.24968539344999144,1099,143,287,349,668,144,349
14,6,0.1,adasyn,zero,0.5,60.079006341,0.252302308417256,0.24954222755308436,651,221,478,254,477,239,254
15,6,0.1,adasyn,zero,0.7,60.060475219,0.2494791744709323,0.2528022509924209,458,336,669,137,286,356,137
16,6,0.1,adasyn,mean,0.3,60.032627322,0.251017789473835,0.25125875186501134,1011,159,303,355,706,142,351
17,6,0.1,adasyn,mean,0.5,60.066615569,0.24205173469951896,0.25791153389627586,602,291,505,242,504,231,262
18,6,0.1,adasyn,mean,0.7,60.049811714,0.25146228195704895,0.2507023417059566,422,366,706,157,303,347,146
19,6,0.2,adasyn,zero,0.3,60.004062435,0.25327787358356585,0.25424429745674626,1083,139,287,320,668,144,349
20,6,0.2,adasyn,zero,0.5,60.035947989,0.25655731612105476,0.2556010077563165,647,245,478,236,477,257,236
21,6,0.2,adasyn,zero,0.7,60.131646086,0.25344649572292904,0.25765278836935857,463,332,669,149,286,344,149
22,6,0.2,adasyn,mean,0.3,60.010471838,0.2570295368714447,0.24942119739692062,1009,145,303,370,706,157,336
23,6,0.2,adasyn,mean,0.5,60.044851844,0.2507017371396793,0.2545974176779855,605,271,505,262,504,245,248
24,6,0.2,adasyn,mean,0.7,60.104502461,0.2547462643734561,0.26299144096192245,426,377,706,149,303,339,154
25,6,0.3,adasyn,zero,0.3,60.024460135,0.2621627144362454,0.2500845938407435,1091,136,287,329,668,144,349
26,6,0.3,adasyn,zero,0.5,60.050825303,0.251441390461127,0.2532240876388972,653,256,478,234,477,250,243
27,6,0.3,adasyn,zero,0.7,60.099042998,0.2548766179689887,0.25403308375010236,456,332,669,134,286,340,153
28,6,0.3,adasyn,mean,0.3,60.006009923,0.2519874057427604,0.27296689148979986,1022,165,303,329,706,164,329
29,6,0.3,adasyn,mean,0.5,60.056102953,0.25918265157431575,0.25816354422321414,609,241,505,256,504,245,248
30,6,0.3,adasyn,mean,0.7,60.051417197,0.26117287180290827,0.2560121559215625,431,344,706,135,303,357,136
31,7,0.01,adasyn,zero,0.3,60.041105863,0.2483978721020901,0.2507292593111766,956,153,287,319,668,136,357
32,7,0.01,adasyn,zero,0.5,60.080024173,0.25429959443792477,0.25755236695806916,568,237,478,225,477,241,252
33,7,0.01,adasyn,zero,0.7,60.1474722,0.24984298628385154,0.2527418590066634,401,355,669,137,286,356,137
34,7,0.01,adasyn,mean,0.3,60.00356597,0.24883255712836846,0.24947505578383286,887,158,303,336,706,157,336
35,7,0.01,adasyn,mean,0.5,60.010320572,0.250122812045332,0.25373187135368086,524,266,505,251,504,240,253
36,7,0.01,adasyn,mean,0.7,60.024922685,0.24920323318160545,0.2530228870026266,372,377,706,140,303,331,162
37,7,0.05,adasyn,zero,0.3,60.051647196,0.2500902301714478,0.24994824457772444,949,142,287,342,668,151,342
38,7,0.05,adasyn,zero,0.5,60.060010279,0.2524979201788592,0.25150551131131027,565,230,478,224,477,240,253
39,7,0.05,adasyn,zero,0.7,60.046809371,0.25035298562345176,0.24904632015579625,403,333,669,148,286,345,148
40,7,0.05,adasyn,mean,0.3,60.038906476,0.2505996011771606,0.2501173814994689,885,146,303,338,706,155,338
41,7,0.05,adasyn,mean,0.5,60.085643216,0.25132709639218886,0.2503163475648523,528,245,505,258,504,249,244
42,7,0.05,adasyn,mean,0.7,60.006252941,0.2514914381488383,0.2513444260061518,375,344,706,148,303,345,148
43,7,0.1,adasyn,zero,0.3,60.051228792,0.25114808109010683,0.25281374410183116,952,142,287,321,668,146,347
44,7,0.1,adasyn,zero,0.5,60.0721862,0.2529654901191075,0.27358973782075546,564,241,478,215,477,231,262
45,7,0.1,adasyn,zero,0.7,60.083671571,0.2512195307815323,0.251173925324985,376,336,669,141,286,348,145
46,7,0.1,adasyn,mean,0.3,60.039967783,0.25314811085344757,0.2494161967367413,857,141,303,345,706,148,345
47,7,0.1,adasyn,mean,0.5,60.055381634,0.24906558512843863,0.25156532123392755,518,261,505,261,504,249,244
48,7,0.1,adasyn,mean,0.7,60.112931982,0.25239984270874105,0.24969357972156464,362,347,706,157,303,347,146
49,7,0.2,adasyn,zero,0.3,60.022158838,0.2468851469959901,0.25238892633562016,924,153,287,333,668,159,334
50,7,0.2,adasyn,zero,0.5,60.066276447,0.2552287043902783,0.2537224122743397,560,230,478,218,477,234,259
51,7,0.2,adasyn,zero,0.7,60.030775925,0.25822554815507687,0.2583941072861525,389,331,669,137,286,344,149
52,7,0.2,adasyn,mean,0.3,60.005983066,0.25997276835936944,0.2525617228437174,869,155,303,366,706,153,340
53,7,0.2,adasyn,mean,0.5,60.031653317,0.25656285291612846,0.27773729950496734,518,244,505,234,504,259,234
54,7,0.2,adasyn,mean,0.7,60.014963901,0.2514317546665899,0.25631935111817433,372,363,706,134,303,359,134
55,7,0.3,adasyn,zero,0.3,60.006570732,0.2624709841370354,0.26542964693906396,951,141,287,319,668,144,349
56,7,0.3,adasyn,zero,0.5,60.043339743,0.26234641447856555,0.26658953389056056,562,238,478,222,477,238,255
57,7,0.3,adasyn,zero,0.7,60.083338946,0.25034556226737026,0.2530100716466569,400,354,669,148,286,355,138
58,7,0.3,adasyn,mean,0.3,60.040265108,0.2637073826467347,0.26095170609344276,889,143,303,341,706,152,341
59,7,0.3,adasyn,mean,0.5,60.052586951,0.2548282684422355,0.2500068103430304,523,250,505,252,504,241,252
60,7,0.3,adasyn,mean,0.7,60.086142875,0.25689652937314766,0.25241858712472476,369,344,706,164,303,354,139
61,8,0.01,adasyn,zero,0.3,60.02174451,0.24581585308667517,0.25731641735415506,816,163,287,328,668,163,330
62,8,0.01,adasyn,zero,0.5,60.015708565,0.2514479721309059,0.24827527259816207,494,231,478,231,477,242,251
63,8,0.01,adasyn,zero,0.7,60.100941654,0.24911216909490108,0.2524805349827246,346,356,669,137,286,356,137
64,8,0.01,adasyn,mean,0.3,60.064532289,0.24974507352671269,0.2494564629156813,750,152,303,365,706,150,343
65,8,0.01,adasyn,mean,0.5,60.03665221,0.24756204534855544,0.2484109922816677,450,255,505,267,504,252,241
66,8,0.01,adasyn,mean,0.7,60.14431174,0.25017018546921915,0.25017293986553213,327,345,706,146,303,347,146
67,8,0.05,adasyn,zero,0.3,60.036754077,0.2527370558372329,0.2521415419265096,825,141,287,352,668,140,353
68,8,0.05,adasyn,zero,0.5,60.035189041,0.2512656191068172,0.24672626943262335,488,233,478,241,477,252,241
69,8,0.05,adasyn,zero,0.7,60.011771437,0.2503678074965874,0.2639309759054786,344,340,669,134,286,342,151
70,8,0.05,adasyn,mean,0.3,60.035399325,0.2500994442332306,0.2538396844734528,768,162,303,359,706,146,347
71,8,0.05,adasyn,mean,0.5,60.062580099,0.24760509071092046,0.2619952381992847,450,266,505,249,504,235,258
72,8,0.05,adasyn,mean,0.7,60.03660685,0.5056180174462048,0.5247028649031431,320,349,706,144,303,349,144
73,8,0.1,adasyn,zero,0.3,60.037573315,0.2551667761408523,0.253710614905238,805,142,287,342,668,151,342
74,8,0.1,adasyn,zero,0.5,60.043629748,0.25706491185223507,0.2501460039891764,474,234,478,228,477,244,249
75,8,0.1,adasyn,zero,0.7,60.085777711,0.25322159802811056,0.2499638782997211,336,325,669,144,286,349,144
76,8,0.1,adasyn,mean,0.3,60.001637937,0.2515448972428164,0.24972601266394515,739,146,303,360,706,146,347
77,8,0.1,adasyn,mean,0.5,60.092189666,0.4831626520495348,0.5396762091284075,450,261,505,232,504,261,232
78,8,0.1,adasyn,mean,0.7,60.164843789,0.25331180177756263,0.24951825060607294,326,341,706,157,303,346,147
79,8,0.2,adasyn,zero,0.3,60.030042995,0.2547211330948638,0.2969780846484849,835,147,287,334,668,158,335
80,8,0.2,adasyn,zero,0.5,60.01438747,0.25771883460641454,0.25316848951778664,488,243,478,252,477,241,252
81,8,0.2,adasyn,zero,0.7,60.09605055,0.25714747305809504,0.25658720484944386,347,337,669,139,286,354,139
82,8,0.2,adasyn,mean,0.3,60.033240711,0.2578501594905218,0.26338254508756714,777,156,303,346,706,147,346
83,8,0.2,adasyn,mean,0.5,60.024582027,0.252140709161666,0.2669957952339799,458,264,505,246,504,235,258
84,8,0.2,adasyn,mean,0.7,60.026680535,0.25611886322845395,0.2605030283793377,325,368,706,139,303,354,139
85,8,0.3,adasyn,zero,0.3,60.019242595,0.2664443583589556,0.24873309840809862,795,127,287,324,668,145,348
86,8,0.3,adasyn,zero,0.5,60.118553952,0.25610067283274424,0.26352413361091426,470,240,478,238,477,253,240
87,8,0.3,adasyn,zero,0.7,60.179988878,0.26082684492191205,0.2573580978630131,297,329,669,148,286,345,148
88,8,0.3,adasyn,mean,0.3,60.070447723,0.26222145520471185,0.25938320530848685,689,157,303,344,706,147,346
89,8,0.3,adasyn,mean,0.5,60.09328896,0.2514217653191703,0.24966025643428785,448,272,505,249,504,237,256
90,8,0.3,adasyn,mean,0.7,60.130241984,0.26084868509129233,0.2544177869019797,321,360,706,155,303,338,155
91,9,0.01,adasyn,zero,0.3,60.06505299,0.2503564416202998,0.24973211222130584,717,148,287,345,668,148,345
92,9,0.01,adasyn,zero,0.5,60.141078426,0.25138228202465634,0.2502039431448967,428,251,478,241,477,252,241
93,9,0.01,adasyn,zero,0.7,60.029560209,0.24846579779418979,0.24490389527784842,307,332,669,151,286,342,151
94,9,0.01,adasyn,mean,0.3,60.07108684,0.2501234575506274,0.2500949283984,683,152,303,340,706,153,340
95,9,0.01,adasyn,mean,0.5,60.076954852,0.4950494937741259,0.4821428464111235,395,255,505,261,504,250,243
96,9,0.01,adasyn,mean,0.7,60.026076495,0.25016550007173105,0.24984476311091608,287,361,706,156,303,345,148
97,9,0.05,adasyn,zero,0.3,60.038127733,0.2510439484261434,0.25074668706170433,714,146,287,326,668,151,342
98,9,0.05,adasyn,zero,0.5,60.075063925,0.24631826030348503,0.24785193845095638,440,233,478,251,477,242,251
99,9,0.05,adasyn,zero,0.7,60.103705659,0.2492890203802111,0.26774255439288935,311,356,669,128,286,334,159
100,9,0.05,adasyn,mean,0.3,60.000802711,0.25160559668876203,0.2508217678024386,685,142,303,369,706,156,337
101,9,0.05,adasyn,mean,0.5,60.130279577,0.5049342835977809,0.47220887127910094,397,250,505,266,504,255,238
102,9,0.05,adasyn,mean,0.7,60.191399355,0.2509917608686977,0.24708239184543437,292,352,706,161,303,348,145
103,9,0.1,adasyn,zero,0.3,60.048952856,0.2544033415740974,0.24993757780648615,740,142,287,354,668,139,354
104,9,0.1,adasyn,zero,0.5,60.006352144,0.2522410034317723,0.24896294232525476,442,251,478,251,477,242,251
105,9,0.1,adasyn,zero,0.7,60.042100033,0.25379202566215414,0.25230399364523515,311,329,669,142,286,350,143
106,9,0.1,adasyn,mean,0.3,60.030319853,0.25504798901618664,0.25022154130206,697,146,303,346,706,147,346
107,9,0.1,adasyn,mean,0.5,60.003123906,0.25251387073666093,0.25276504493255264,411,272,505,258,504,245,248
108,9,0.1,adasyn,mean,0.7,60.108154213,0.25690930938200657,0.261819190801,291,349,706,149,303,344,149
109,9,0.2,adasyn,zero,0.3,60.061582679,0.25436335351747297,0.25625967340122646,747,148,287,325,668,150,343
110,9,0.2,adasyn,zero,0.5,60.090166784,0.25514728723393176,0.2528448113431596,445,246,478,229,477,243,250
111,9,0.2,adasyn,zero,0.7,60.091635105,0.26012934023587075,0.25386631693581285,314,337,669,143,286,348,145
112,9,0.2,adasyn,mean,0.3,60.079486407,0.2516294701839217,0.2629789191370629,670,164,303,353,706,139,354
113,9,0.2,adasyn,mean,0.5,60.120596729,0.2547403729674791,0.2580105678092118,396,261,505,251,504,238,255
114,9,0.2,adasyn,mean,0.7,60.0588465,0.2582859082405509,0.25052450004708804,290,339,706,152,303,342,151
115,9,0.3,adasyn,zero,0.3,60.044783485,0.26154639154545123,0.2742799528336131,731,127,287,316,668,141,352
116,9,0.3,adasyn,zero,0.5,60.132828571,0.25994701846202994,0.2750991673783909,442,229,478,237,477,251,242
117,9,0.3,adasyn,zero,0.7,60.163655338,0.26031132196298123,0.24836099969219785,311,356,669,146,286,347,146
118,9,0.3,adasyn,mean,0.3,60.002132886,0.2598917227539179,0.25326159740888277,690,162,303,336,706,157,336
119,9,0.3,adasyn,mean,0.5,60.133785243,0.2572157105963596,0.2559266782576435,382,257,505,252,504,241,252
120,9,0.3,adasyn,mean,0.7,60.191097347,0.2616388668897173,0.26250164961460637,281,339,706,151,303,341,152
121,10,0.01,adasyn,zero,0.3,60.034164102,0.24755419772204088,0.2497035074397166,629,156,287,320,668,134,359
122,10,0.01,adasyn,zero,0.5,60.076658309,0.25063808841037205,0.25071407723337114,373,236,478,248,477,244,249
123,10,0.01,adasyn,zero,0.7,60.214099492,0.2505249230827358,0.24832449812641477,282,322,669,155,286,338,155
124,10,0.01,adasyn,mean,0.3,60.056959897,0.25311274498502273,0.2498680287760092,624,153,303,361,706,146,347
125,10,0.01,adasyn,mean,0.5,60.124728446,0.25037108097482697,0.24998775433905548,371,260,505,256,504,245,248
126,10,0.01,adasyn,mean,0.7,60.037350705,0.5084985102998872,0.518151740195812,261,347,706,146,303,347,146
127,10,0.05,adasyn,zero,0.3,60.080132546,0.25136173271782614,0.24965606544368737,670,138,287,341,668,152,341
128,10,0.05,adasyn,zero,0.5,60.157183501,0.25210793268875825,0.2510150914774106,397,229,478,219,477,235,258
129,10,0.05,adasyn,zero,0.7,60.116966329,0.2503673733634554,0.2503083668440964,276,340,669,145,286,352,141
130,10,0.05,adasyn,mean,0.3,60.059135249,0.2509168273283475,0.2538858174458156,592,150,303,346,706,147,346
131,10,0.05,adasyn,mean,0.5,60.158782706,0.25217467675511307,0.2499463809807897,349,245,505,257,504,246,247
132,10,0.05,adasyn,mean,0.7,60.100116401,0.25249042441338687,0.2519392374669129,248,341,706,146,303,344,149
133,10,0.1,adasyn,zero,0.3,60.060252022,0.2561587712042825,0.25233716053691796,643,117,287,347,668,146,347
134,10,0.1,adasyn,zero,0.5,60.121261873,0.25781055789409946,0.25225659348348023,393,223,478,250,477,243,250
135,10,0.1,adasyn,zero,0.7,60.18555628,0.2540603342636033,0.2468941395830255,277,340,669,159,286,334,159
136,10,0.1,adasyn,mean,0.3,60.083143378,0.25619166675010396,0.25501112154723765,619,128,303,342,706,151,342
137,10,0.1,adasyn,mean,0.5,60.147353602,0.2576505169159667,0.24808239814174224,356,249,505,274,504,262,231
138,10,0.1,adasyn,mean,0.7,60.214036199,0.2499888955623254,0.25676425716465606,250,360,706,138,303,355,138
139,10,0.2,adasyn,zero,0.3,60.079649147,0.2601497607055132,0.25613797649892955,655,145,287,341,668,151,342
140,10,0.2,adasyn,zero,0.5,60.13145556,0.25446413469787155,0.24836364043721346,383,247,478,247,477,260,233
141,10,0.2,adasyn,zero,0.7,60.210336183,0.2572038857215021,0.26090940667622553,274,329,669,146,286,347,146
142,10,0.2,adasyn,mean,0.3,60.099055548,0.25651569248885575,0.2655461116830974,613,155,303,346,706,146,347
143,10,0.2,adasyn,mean,0.5,60.110605123,0.2536685651198596,0.24928936209733407,359,265,505,260,504,233,260
144,10,0.2,adasyn,mean,0.7,60.023312113,0.2566733082268014,0.25150458421380134,250,367,706,165,303,355,138
145,10,0.3,adasyn,zero,0.3,60.021653799,0.2596806533609942,0.24996647302344155,656,142,287,340,668,153,340
146,10,0.3,adasyn,zero,0.5,60.035424093,0.2712849408800395,0.2483504520595237,388,220,478,250,477,243,250
147,10,0.3,adasyn,zero,0.7,60.097079681,0.2643546000164575,0.24997001475827355,274,316,669,151,286,342,151
148,10,0.3,adasyn,mean,0.3,60.027283511,0.25503970278938365,0.2526918258450711,601,143,303,337,706,156,337
149,10,0.3,adasyn,mean,0.5,60.059808368,0.2615355955280781,0.2637309522989516,367,248,505,244,504,249,244
150,10,0.3,adasyn,mean,0.7,60.137244651,0.260134922075923,0.25201854964620923,263,340,706,171,303,361,132
151,11,0.01,adasyn,zero,0.3,60.014359022,0.24773067763352938,0.2504015612947946,609,153,287,321,668,137,356
152,11,0.01,adasyn,zero,0.5,60.087918801,0.2498145741981956,0.248430175339318,365,233,478,247,477,246,247
153,11,0.01,adasyn,zero,0.7,60.000752719,0.2507000364718324,0.2493396673646695,258,330,669,152,286,341,152
154,11,0.01,adasyn,mean,0.3,60.103252007,0.24951876052399752,0.25174846000391604,569,162,303,331,706,162,331
155,11,0.01,adasyn,mean,0.5,60.081498941,0.24897256308809865,0.2539697378194909,333,273,505,244,504,233,260
156,11,0.01,adasyn,mean,0.7,60.065634769,0.24863943612900086,0.24952031486650172,238,347,706,141,303,352,141
157,11,0.05,adasyn,zero,0.3,60.074299183,0.25094887750728767,0.2517848143330927,610,136,287,323,668,148,345
158,11,0.05,adasyn,zero,0.5,60.024448125,0.2498324005859203,0.25068836836824354,355,254,478,236,477,257,236
159,11,0.05,adasyn,zero,0.7,60.00423,0.25149640641491705,0.25248214640238453,248,349,669,139,286,353,140
160,11,0.05,adasyn,mean,0.3,60.095056722,0.24910798957837516,0.2603031546315256,554,162,303,350,706,137,356
161,11,0.05,adasyn,mean,0.5,60.178085622,0.2526991581544122,0.25204810641668607,335,243,505,248,504,244,249
162,11,0.05,adasyn,mean,0.7,60.122088825,0.25076397322388544,0.25832348156140444,243,363,706,141,303,352,141
163,11,0.1,adasyn,zero,0.3,60.08207559,0.5226366056848833,0.5133826594976011,614,137,287,325,668,150,343
164,11,0.1,adasyn,zero,0.5,60.061809216,0.25482464142749184,0.25636057868967044,363,241,478,237,477,253,240
165,11,0.1,adasyn,zero,0.7,60.230744803,0.25149375566516163,0.2500216391029394,252,332,669,142,286,351,142
166,11,0.1,adasyn,mean,0.3,60.039719875,0.24529640528854993,0.2521492953404352,503,156,303,359,706,143,350
167,11,0.1,adasyn,mean,0.5,60.145491026,0.2562929530966198,0.2540995227509632,289,245,505,252,504,241,252
168,11,0.1,adasyn,mean,0.7,60.106802136,0.25382125356071966,0.25036385093239827,196,355,706,156,303,346,147
169,11,0.2,adasyn,zero,0.3,60.033091747,0.25883893138614444,0.2801820083463361,498,147,287,315,668,140,353
170,11,0.2,adasyn,zero,0.5,60.172662622,0.25586032921768054,0.2548951180636256,238,239,478,232,477,243,250
171,11,0.2,adasyn,zero,0.7,60.156987518,0.258943361187412,0.2470113642918315,156,341,669,159,286,334,159
172,11,0.2,adasyn,mean,0.3,60.030625368,0.25692812256381026,0.2514172308936831,335,160,303,369,706,151,342
173,11,0.2,adasyn,mean,0.5,60.157091877,0.25613472700147283,0.25326326313869185,185,239,505,238,504,254,239
174,11,0.2,adasyn,mean,0.7,60.340503167,0.2566377629671711,0.24955158638061964,136,335,706,145,303,348,145
175,11,0.3,adasyn,zero,0.3,60.079034695,0.24971351380866863,0.2809673424634565,332,156,287,336,668,157,336
176,11,0.3,adasyn,zero,0.5,60.096683717,0.2732326576676104,0.2522835247489395,228,230,478,260,477,233,260
177,11,0.3,adasyn,zero,0.7,60.228966873,0.2597601314060398,0.25019323086645384,165,338,669,140,286,347,146
178,11,0.3,adasyn,mean,0.3,60.02536067,0.26647841784867216,0.25041203100696646,364,146,303,361,706,147,346
179,11,0.3,adasyn,mean,0.5,60.264951873,0.267464171243081,0.25132157742696953,185,236,505,247,504,246,247
180,11,0.3,adasyn,mean,0.7,60.09393499,0.26481794993783897,0.28362414493896376,142,358,706,158,303,335,158
181,12,0.01,adasyn,zero,0.3,60.139180176,0.473775253571691,0.48792220703659056,331,151,287,342,668,151,342
182,12,0.01,adasyn,zero,0.5,60.119031443,0.25022997589076174,0.25014624358678256,201,251,478,241,477,252,241
183,12,0.01,adasyn,zero,0.7,60.677126193,0.24759301979753914,0.2514761427984727,196,336,669,151,286,341,152
184,12,0.01,adasyn,mean,0.3,60.045138495,0.24927874900198038,0.24908587680983754,417,141,303,367,706,152,341
185,12,0.01,adasyn,mean,0.5,60.00160622,0.2514850362720251,0.2546713331324579,278,248,505,232,504,261,232
186,12,0.01,adasyn,mean,0.7,60.034885307,0.25005854855890414,0.24859070339543726,167,337,706,166,303,354,139
187,12,0.05,adasyn,zero,0.3,60.036893393,0.25153052328347175,0.2475865269587014,436,142,287,339,668,154,339
188,12,0.05,adasyn,zero,0.5,60.190912045,0.2503833646940711,0.2509371626574947,274,249,478,234,477,258,235
189,12,0.05,adasyn,zero,0.7,60.182531272,0.24948685916492125,0.2551064248308887,151,352,669,132,286,339,154
190,12,0.05,adasyn,mean,0.3,60.062362091,0.24842812923696098,0.2624843053206118,472,167,303,329,706,164,329
191,12,0.05,adasyn,mean,0.5,60.02751979,0.2501492806993077,0.2566660102621135,275,261,505,247,504,234,259
192,12,0.05,adasyn,mean,0.7,60.277552512,0.2524533141491771,0.25306425358490164,206,339,706,146,303,347,146
193,12,0.1,adasyn,zero,0.3,60.050465509,0.24807618641801255,0.2519278324872841,395,159,287,334,668,159,334
194,12,0.1,adasyn,zero,0.5,60.164394834,0.2525659368661029,0.25432432484842793,229,259,478,228,477,264,229
195,12,0.1,adasyn,zero,0.7,60.266157604,0.24879899337735656,0.2550982084425173,226,358,669,136,286,356,137
196,12,0.1,adasyn,mean,0.3,60.024088719,0.254427779678142,0.25188772052377145,492,148,303,335,706,157,336
197,12,0.1,adasyn,mean,0.5,60.005709752,0.25251982831052333,0.2480733703155751,221,255,505,255,504,238,255
198,12,0.1,adasyn,mean,0.7,60.139215824,0.2561704910612549,0.26390274492243543,201,356,706,134,303,359,134
199,12,0.2,adasyn,zero,0.3,60.145787627,0.2553411136183611,0.26764143738595647,510,140,287,328,668,143,350
200,12,0.2,adasyn,zero,0.5,60.120789345,0.2603480383520646,0.24889087737823673,274,242,478,251,477,242,251
201,12,0.2,adasyn,zero,0.7,60.076212437,0.25894069150768745,0.2793646068137245,215,335,669,148,286,345,148
202,12,0.2,adasyn,mean,0.3,60.072268716,0.2617657799385738,0.2541357857551722,493,146,303,348,706,135,358
203,12,0.2,adasyn,mean,0.5,60.106464132,0.2524220388479815,0.26204414889070843,294,249,505,252,504,241,252
204,12,0.2,adasyn,mean,0.7,60.176625837,0.25924909297281307,0.24749359517554578,186,334,706,168,303,358,135
205,12,0.3,adasyn,zero,0.3,60.049976155,0.2596353481304057,0.24929302245358423,435,151,287,354,668,146,347
206,12,0.3,adasyn,zero,0.5,60.012782903,0.2657974525705672,0.2697481293780508,303,244,478,225,477,241,252
207,12,0.3,adasyn,zero,0.7,60.158235371,0.26243432542169176,0.26238239797146923,218,335,669,143,286,350,143
208,12,0.3,adasyn,mean,0.3,60.096993774,0.2654451170743436,0.24849561086578426,391,157,303,377,706,159,334
209,12,0.3,adasyn,mean,0.5,60.003801446,0.2662792216730854,0.2521228872349019,291,253,505,250,504,239,254
210,12,0.3,adasyn,mean,0.7,60.083849209,0.26270918516485736,0.2680921750796677,204,375,706,145,303,335,158
211,13,0.01,adasyn,zero,0.3,60.262727618,0.2506773302909978,0.25278512726105656,463,134,287,345,668,144,349
212,13,0.01,adasyn,zero,0.5,60.026684664,0.2502945821477609,0.25279442877007335,216,249,478,243,477,250,243
213,13,0.01,adasyn,zero,0.7,60.383616796,0.25054842192201826,0.2493417517385743,178,329,669,156,286,337,156
214,13,0.01,adasyn,mean,0.3,60.078614385,0.25080233632440463,0.2500543281844218,354,145,303,365,706,150,343
215,13,0.01,adasyn,mean,0.5,60.249360163,0.2491040961113576,0.2510358738081425,190,271,505,246,504,235,258
216,13,0.01,adasyn,mean,0.7,60.346442246,0.49535728767205367,0.46228134088442163,143,354,706,162,303,352,141
217,13,0.05,adasyn,zero,0.3,60.017802852,0.2510210692414131,0.2573847695599865,319,146,287,319,668,143,350
218,13,0.05,adasyn,zero,0.5,60.095462171,0.251600803309301,0.24502488744125445,199,244,478,253,477,259,234
219,13,0.05,adasyn,zero,0.7,60.020631583,0.25341579836850053,0.26836167680446016,139,350,669,127,286,365,128
220,13,0.05,adasyn,mean,0.3,60.111150034,0.2394519557451807,0.2563577558312702,356,181,303,349,706,129,364
221,13,0.05,adasyn,mean,0.5,60.107814744,0.2509055938282744,0.2499205750687922,178,256,505,256,504,244,249
222,13,0.05,adasyn,mean,0.7,60.051833664,0.2539963568374333,0.24940647657872236,154,351,706,156,303,345,148
223,13,0.1,adasyn,zero,0.3,60.033427232,0.2570840996334613,0.2507873380981392,405,144,287,342,668,151,342
224,13,0.1,adasyn,zero,0.5,60.141084659,0.252761606063175,0.2493498892823436,229,233,478,251,477,242,251
225,13,0.1,adasyn,zero,0.7,60.097557981,0.25171174810209884,0.2452433707467212,157,343,669,154,286,339,154
226,13,0.1,adasyn,mean,0.3,60.025472498,0.5148490666083604,0.47733488435999627,325,147,303,369,706,156,337
227,13,0.1,adasyn,mean,0.5,60.294565443,0.2542738180187762,0.25099580919818765,204,248,505,252,504,241,252
228,13,0.1,adasyn,mean,0.7,60.189554711,0.2529960116799557,0.2500035068825087,133,337,706,151,303,342,151
229,13,0.2,adasyn,zero,0.3,60.039508204,0.25310919525852554,0.3032545176805917,390,160,287,338,668,156,337
230,13,0.2,adasyn,zero,0.5,60.198336316,0.25508152445535354,0.2505536147929041,235,235,478,241,477,252,241
231,13,0.2,adasyn,zero,0.7,60.170935819,0.25587198507375175,0.26639739762413583,168,350,669,146,286,353,140
232,13,0.2,adasyn,mean,0.3,60.090539972,0.26196606186079163,0.2684295221645273,333,142,303,359,706,146,347
233,13,0.2,adasyn,mean,0.5,60.124441545,0.2598504909551108,0.2551823452154114,205,246,505,244,504,248,245
234,13,0.2,adasyn,mean,0.7,60.233811893,0.26016670568862027,0.2568671625234904,164,354,706,158,303,349,144
235,13,0.3,adasyn,zero,0.3,60.058144346,0.26969188322478876,0.25005584055488456,405,146,287,342,668,151,342
236,13,0.3,adasyn,zero,0.5,60.195730216,0.2564696869954331,0.25208135682654703,233,238,478,226,477,242,251
237,13,0.3,adasyn,zero,0.7,60.058338004,0.27980141423824834,0.2569881000379971,159,308,669,148,286,343,150
238,13,0.3,adasyn,mean,0.3,60.122082437,0.25862675136879354,0.28793517301962523,332,161,303,343,706,150,343
239,13,0.3,adasyn,mean,0.5,60.088239955,0.26332674696594593,0.2491782862010497,196,240,505,260,504,247,246
240,13,0.3,adasyn,mean,0.7,60.397719747,0.26270614221899175,0.25069235706894394,147,364,706,147,303,346,147
241,14,0.01,adasyn,zero,0.3,60.04933655,0.25002133141922006,0.2500454955584531,344,151,287,342,668,151,342
242,14,0.01,adasyn,zero,0.5,60.11026324,0.2520076429841534,0.25115932965103666,218,252,478,240,477,253,240
243,14,0.01,adasyn,zero,0.7,60.41790895,0.25024283647918033,0.24954223627929883,148,324,669,151,286,342,151
244,14,0.01,adasyn,mean,0.3,60.033052182,0.5015599004390779,0.5154884547541579,333,151,303,342,706,151,342
245,14,0.01,adasyn,mean,0.5,60.164049868,0.25016300669562774,0.2539460339528517,196,259,505,234,504,257,236
246,14,0.01,adasyn,mean,0.7,60.042508358,0.25000064864552507,0.24944778306577356,151,355,706,156,303,345,148
247,14,0.05,adasyn,zero,0.3,60.095388667,0.254980104267025,0.24982544714734678,374,136,287,351,668,141,352
248,14,0.05,adasyn,zero,0.5,60.067375803,0.2511529557623907,0.2502569459470834,221,244,478,248,477,244,249
249,14,0.05,adasyn,zero,0.7,60.450827815,0.25428050600172886,0.25199032571344504,136,324,669,151,286,341,152
250,14,0.05,adasyn,mean,0.3,60.111171079,0.253738630235843,0.25102227988416426,367,152,303,352,706,141,352
251,14,0.05,adasyn,mean,0.5,60.187680529,0.2521738232200053,0.2498580172761704,247,249,505,245,504,247,246
252,14,0.05,adasyn,mean,0.7,60.284360136,0.25354337226625034,0.2565374017541095,135,363,706,135,303,359,134
253,14,0.1,adasyn,zero,0.3,60.021519098,0.2486034158977871,0.2531355271221333,458,150,287,318,668,136,357
254,14,0.1,adasyn,zero,0.5,60.01148646,0.4916303689971193,0.4758896168810057,272,243,478,250,477,243,250
255,14,0.1,adasyn,zero,0.7,60.275166165,0.253214257502295,0.2492811356641622,194,345,669,143,286,349,144
256,14,0.1,adasyn,mean,0.3,60.060629809,0.2557004003744035,0.24819066276026833,430,145,303,343,706,147,346
257,14,0.1,adasyn,mean,0.5,60.065682226,0.2530674826228353,0.24887403711511163,227,250,505,261,504,234,259
258,14,0.1,adasyn,mean,0.7,60.282900033,0.25250052972342,0.2820933049139038,147,369,706,147,303,345,148
259,14,0.2,adasyn,zero,0.3,60.0724176,0.2712447842448924,0.27091165790178523,370,128,287,326,668,151,342
260,14,0.2,adasyn,zero,0.5,60.163492086,0.254874084711162,0.27021424391169435,204,257,478,244,477,249,244
261,14,0.2,adasyn,zero,0.7,60.750994889,0.2572951669308462,0.2479067509641892,151,348,669,141,286,345,148
262,14,0.2,adasyn,mean,0.3,60.000011602,0.2545027751394493,0.250533783463629,329,153,303,367,706,154,339
263,14,0.2,adasyn,mean,0.5,60.010197784,0.25906232324159095,0.253392012216725,154,246,505,248,504,244,249
264,14,0.2,adasyn,mean,0.7,60.376061169,0.26064018455030935,0.2509880885927319,110,368,706,144,303,334,159
265,14,0.3,adasyn,zero,0.3,60.068140467,0.26856577586460745,0.25635541391948913,426,146,287,346,668,146,347
266,14,0.3,adasyn,zero,0.5,60.019295741,0.2656543759044764,0.2620775931352597,272,239,478,225,477,240,253
267,14,0.3,adasyn,zero,0.7,60.147363904,0.26988091740398573,0.2519187318474995,172,329,669,146,286,347,146
268,14,0.3,adasyn,mean,0.3,60.08944313,0.2557553685161022,0.25518823426062,428,148,303,334,706,158,335
269,14,0.3,adasyn,mean,0.5,60.094962111,0.2583416076772872,0.2702629119426076,255,250,505,254,504,235,258
270,14,0.3,adasyn,mean,0.7,60.233617475,0.25276840345472673,0.24953854247949417,180,402,706,155,303,338,155
271,15,0.01,adasyn,zero,0.3,60.12319341,0.2500842389790259,0.25114047167732906,426,152,287,340,668,152,341
272,15,0.01,adasyn,zero,0.5,60.05226485,0.24763551887859567,0.24669354995275036,256,246,478,248,477,244,249
273,15,0.01,adasyn,zero,0.7,60.203620581,0.25085145745631854,0.24983231895646196,181,339,669,149,286,344,149
274,15,0.01,adasyn,mean,0.3,60.071183516,0.25245646326928983,0.2556790742997246,401,160,303,357,706,144,349
275,15,0.01,adasyn,mean,0.5,60.121342171,0.4613544988017564,0.5158381981743231,238,272,505,244,504,233,260
276,15,0.01,adasyn,mean,0.7,60.047389911,0.25240621678973124,0.25246471630016354,169,368,706,148,303,338,155
277,15,0.05,adasyn,zero,0.3,60.008848453,0.24850901431511924,0.2514177068528022,431,150,287,326,668,148,345
278,15,0.05,adasyn,zero,0.5,60.159010939,0.25171476434714934,0.24915240116293622,256,239,478,231,477,240,253
279,15,0.05,adasyn,zero,0.7,60.087446958,0.25339614075514105,0.2526616577775198,182,328,669,153,286,339,154
280,15,0.05,adasyn,mean,0.3,60.086753641,0.25013893863020475,0.25345622017509645,405,151,303,341,706,143,350
281,15,0.05,adasyn,mean,0.5,60.189236579,0.25212717421499026,0.253720825909464,239,248,505,233,504,260,233
282,15,0.05,adasyn,mean,0.7,60.366408111,0.2515490001962271,0.2535177773805775,169,360,706,158,303,344,149
283,15,0.1,adasyn,zero,0.3,60.069868779,0.2583162491511717,0.25759797167462894,431,142,287,340,668,153,340
284,15,0.1,adasyn,zero,0.5,60.013843913,0.25457219546175974,0.24963317609948,256,230,478,244,477,249,244
285,15,0.1,adasyn,zero,0.7,60.081408711,0.2540258003356101,0.25967374420305217,183,341,669,138,286,345,148
286,15,0.1,adasyn,mean,0.3,60.055543559,0.2606085074894295,0.2538288299546043,403,142,303,361,706,147,346
287,15,0.1,adasyn,mean,0.5,60.099987139,0.25871057392294405,0.2441878290067543,239,240,505,281,504,260,233
288,15,0.1,adasyn,mean,0.7,60.179116835,0.25649056003072346,0.2510314695833075,170,336,706,137,303,356,137
289,15,0.2,adasyn,zero,0.3,60.116792498,0.25454697801086695,0.2527268507428272,432,147,287,325,668,150,343
290,15,0.2,adasyn,zero,0.5,60.206507202,0.2767879885374804,0.24908750348590114,261,212,478,253,477,240,253
291,15,0.2,adasyn,zero,0.7,60.147995659,0.2581765379338947,0.252534799302604,182,334,669,146,286,347,146
292,15,0.2,adasyn,mean,0.3,60.066631286,0.26191445763056487,0.2582564416508672,403,155,303,361,706,139,354
293,15,0.2,adasyn,mean,0.5,60.125952991,0.2546467558758434,0.25000959196408484,240,267,505,265,504,249,244
294,15,0.2,adasyn,mean,0.7,60.164731512,0.26010985128036307,0.2788524861273828,170,367,706,148,303,338,155
295,15,0.3,adasyn,zero,0.3,60.002268696,0.26287075115106323,0.26295566909621165,431,135,287,342,668,148,345
296,15,0.3,adasyn,zero,0.5,60.05886607,0.2629464913322044,0.2745660549134415,248,242,478,230,477,262,231
297,15,0.3,adasyn,zero,0.7,60.076579977,0.2639594412643252,0.25792030568424723,169,331,669,136,286,357,136
298,15,0.3,adasyn,mean,0.3,60.026436375,0.2719032431607227,0.2866076397329772,403,156,303,332,706,160,333
299,15,0.3,adasyn,mean,0.5,60.11224347,0.2686964895949221,0.2753759161782057,239,235,505,264,504,247,246
300,15,0.3,adasyn,mean,0.7,60.248709526,0.2670342165406621,0.2554795564582015,170,357,706,139,303,354,139
